motif_ID	motif_ALT_ID	motif_P-value	seq_ID	seq_Score	seq_Class	is_holdout?
1-AGTCGTAAT	STREME-1	1.2e-002	Pocillopora_acuta_HIv2___RNAseq.g19085.t1	16.83	tp	0
1-AGTCGTAAT	STREME-1	1.2e-002	Pocillopora_acuta_HIv2___TS.g26645.t1	16.83	tp	0
1-AGTCGTAAT	STREME-1	1.2e-002	Pocillopora_acuta_HIv2___RNAseq.g2716.t1	16.83	tp	0
1-AGTCGTAAT	STREME-1	1.2e-002	Pocillopora_acuta_HIv2___RNAseq.g28809.t1	16.83	tp	0
1-AGTCGTAAT	STREME-1	1.2e-002	Pocillopora_acuta_HIv2___RNAseq.g13103.t1	16.83	tp	0
1-AGTCGTAAT	STREME-1	1.2e-002	Pocillopora_acuta_HIv2___RNAseq.14358_t	16.83	tp	0
1-AGTCGTAAT	STREME-1	1.2e-002	Pocillopora_acuta_HIv2___RNAseq.g13690.t1	16.83	tp	0
1-AGTCGTAAT	STREME-1	1.2e-002	Pocillopora_acuta_HIv2___RNAseq.g923.t1	16.83	fp	0
1-AGTCGTAAT	STREME-1	1.2e-002	Pocillopora_acuta_HIv2___RNAseq.g16733.t1	16.83	fp	0
1-AGTCGTAAT	STREME-1	1.2e-002	Pocillopora_acuta_HIv2___RNAseq.g23598.t1	16.83	fp	0
1-AGTCGTAAT	STREME-1	1.2e-002	Pocillopora_acuta_HIv2___RNAseq.g2282.t1	16.83	fp	0
1-AGTCGTAAT	STREME-1	1.2e-002	Pocillopora_acuta_HIv2___RNAseq.g3839.t1	16.83	fp	0
1-AGTCGTAAT	STREME-1	1.2e-002	Pocillopora_acuta_HIv2___RNAseq.g4501.t1	16.83	fp	0
1-AGTCGTAAT	STREME-1	1.2e-002	Pocillopora_acuta_HIv2___RNAseq.g16983.t1	16.83	fp	0
1-AGTCGTAAT	STREME-1	1.2e-002	Pocillopora_acuta_HIv2___RNAseq.g11837.t1	16.83	fp	0
1-AGTCGTAAT	STREME-1	1.2e-002	Pocillopora_acuta_HIv2___RNAseq.g9969.t1	16.83	fp	0
1-AGTCGTAAT	STREME-1	1.2e-002	Pocillopora_acuta_HIv2___RNAseq.g26512.t1	16.83	fp	0
1-AGTCGTAAT	STREME-1	1.2e-002	Pocillopora_acuta_HIv2___TS.g6012.t1	16.83	fp	0
1-AGTCGTAAT	STREME-1	1.2e-002	Pocillopora_acuta_HIv2___RNAseq.g8094.t1	16.83	fp	0
1-AGTCGTAAT	STREME-1	1.2e-002	Pocillopora_acuta_HIv2___TS.g25171.t1	16.83	fp	0
1-AGTCGTAAT	STREME-1	1.2e-002	Pocillopora_acuta_HIv2___TS.g26645.t1	16.83	fp	0
1-AGTCGTAAT	STREME-1	1.2e-002	Pocillopora_acuta_HIv2___TS.g26081.t2	16.83	fp	0
1-AGTCGTAAT	STREME-1	1.2e-002	Pocillopora_acuta_HIv2___TS.g31063.t1	16.83	fp	0
1-AGTCGTAAT	STREME-1	1.2e-002	Pocillopora_acuta_HIv2___RNAseq.g16984.t1	16.83	fp	0
1-AGTCGTAAT	STREME-1	1.2e-002	Pocillopora_acuta_HIv2___RNAseq.g11745.t1a	16.83	fp	0
1-AGTCGTAAT	STREME-1	1.2e-002	Pocillopora_acuta_HIv2___TS.g3555.t1	16.83	fp	0
1-AGTCGTAAT	STREME-1	1.2e-002	Pocillopora_acuta_HIv2___RNAseq.g3956.t1	16.83	fp	0
1-AGTCGTAAT	STREME-1	1.2e-002	Pocillopora_acuta_HIv2___RNAseq.g22823.t1	16.83	fp	0
1-AGTCGTAAT	STREME-1	1.2e-002	Pocillopora_acuta_HIv2___RNAseq.g13690.t1	16.83	fp	0
1-AGTCGTAAT	STREME-1	1.2e-002	Pocillopora_acuta_HIv2___RNAseq.g7022.t1	16.83	fp	0
1-AGTCGTAAT	STREME-1	1.2e-002	Pocillopora_acuta_HIv2___RNAseq.g9367.t1	16.83	fp	0
1-AGTCGTAAT	STREME-1	1.2e-002	Pocillopora_acuta_HIv2___RNAseq.g28809.t1	16.83	fp	0
1-AGTCGTAAT	STREME-1	1.2e-002	Pocillopora_acuta_HIv2___RNAseq.g23429.t1	16.83	fp	0
1-AGTCGTAAT	STREME-1	1.2e-002	Pocillopora_acuta_HIv2___RNAseq.g19108.t1	16.83	fp	0
1-AGTCGTAAT	STREME-1	1.2e-002	Pocillopora_acuta_HIv2___RNAseq.g28838.t1	16.83	fp	0
1-AGTCGTAAT	STREME-1	1.2e-002	Pocillopora_acuta_HIv2___RNAseq.g19085.t1	16.83	fp	0
1-AGTCGTAAT	STREME-1	1.2e-002	Pocillopora_acuta_HIv2___RNAseq.g14533.t1	16.83	fp	0
1-AGTCGTAAT	STREME-1	1.2e-002	Pocillopora_acuta_HIv2___RNAseq.g28040.t1	16.83	fp	0
1-AGTCGTAAT	STREME-1	1.2e-002	Pocillopora_acuta_HIv2___RNAseq.14358_t	16.83	fp	0
1-AGTCGTAAT	STREME-1	1.2e-002	Pocillopora_acuta_HIv2___TS.g12041.t1	16.83	fp	0
1-AGTCGTAAT	STREME-1	1.2e-002	Pocillopora_acuta_HIv2___RNAseq.g12079.t1	16.83	fp	0
1-AGTCGTAAT	STREME-1	1.2e-002	Pocillopora_acuta_HIv2___RNAseq.g13190.t1	16.83	fp	0
1-AGTCGTAAT	STREME-1	1.2e-002	Pocillopora_acuta_HIv2___RNAseq.g13103.t1	16.83	fp	0
1-AGTCGTAAT	STREME-1	1.2e-002	Pocillopora_acuta_HIv2___TS.g11660.t1	16.83	fp	0
1-AGTCGTAAT	STREME-1	1.2e-002	Pocillopora_acuta_HIv2___TS.g22706.t1	16.83	fp	0
1-AGTCGTAAT	STREME-1	1.2e-002	Pocillopora_acuta_HIv2___RNAseq.g5689.t1	16.83	fp	0
1-AGTCGTAAT	STREME-1	1.2e-002	Pocillopora_acuta_HIv2___RNAseq.g13579.t1	16.83	fp	0
1-AGTCGTAAT	STREME-1	1.2e-002	Pocillopora_acuta_HIv2___RNAseq.g21235.t1	16.83	fp	0
1-AGTCGTAAT	STREME-1	1.2e-002	Pocillopora_acuta_HIv2___RNAseq.g2716.t1	16.83	fp	0
1-AGTCGTAAT	STREME-1	1.2e-002	Pocillopora_acuta_HIv2___RNAseq.g3839.t1	16.83	tp	1
1-AGTCGTAAT	STREME-1	1.2e-002	Pocillopora_acuta_HIv2___RNAseq.g16009.t1	16.83	fp	1
1-AGTCGTAAT	STREME-1	1.2e-002	Pocillopora_acuta_HIv2___RNAseq.g8828.t1	16.83	fp	1
1-AGTCGTAAT	STREME-1	1.2e-002	Pocillopora_acuta_HIv2___RNAseq.g9242.t1	16.83	fp	1
1-AGTCGTAAT	STREME-1	1.2e-002	Pocillopora_acuta_HIv2___TS.g29013.t1b	16.83	fp	1
1-AGTCGTAAT	STREME-1	1.2e-002	Pocillopora_acuta_HIv2___RNAseq.g8441.t1	14.89	tp	0
1-AGTCGTAAT	STREME-1	1.2e-002	Pocillopora_acuta_HIv2___TS.g27154.t2	14.89	tp	0
1-AGTCGTAAT	STREME-1	1.2e-002	Pocillopora_acuta_HIv2___RNAseq.g15972.t1	14.89	tp	0
1-AGTCGTAAT	STREME-1	1.2e-002	Pocillopora_acuta_HIv2___TS.g19887.t1	14.89	tp	0
1-AGTCGTAAT	STREME-1	1.2e-002	Pocillopora_acuta_HIv2___RNAseq.g18380.t1	14.89	tp	0
1-AGTCGTAAT	STREME-1	1.2e-002	Pocillopora_acuta_HIv2___RNAseq.g23623.t1	14.89	tp	0
1-AGTCGTAAT	STREME-1	1.2e-002	Pocillopora_acuta_HIv2___TS.g8003.t2	14.89	tp	0
1-AGTCGTAAT	STREME-1	1.2e-002	Pocillopora_acuta_HIv2___RNAseq.g21221.t1	14.89	fp	0
1-AGTCGTAAT	STREME-1	1.2e-002	Pocillopora_acuta_HIv2___RNAseq.g7700.t1	14.89	fp	0
1-AGTCGTAAT	STREME-1	1.2e-002	Pocillopora_acuta_HIv2___RNAseq.g3211.t1	14.89	fp	0
1-AGTCGTAAT	STREME-1	1.2e-002	Pocillopora_acuta_HIv2___RNAseq.g10184.t1	14.89	fp	0
1-AGTCGTAAT	STREME-1	1.2e-002	Pocillopora_acuta_HIv2___RNAseq.g14411.t1	14.89	fp	0
1-AGTCGTAAT	STREME-1	1.2e-002	Pocillopora_acuta_HIv2___RNAseq.g27877.t1	14.89	fp	0
1-AGTCGTAAT	STREME-1	1.2e-002	Pocillopora_acuta_HIv2___TS.g8003.t2	14.89	fp	0
1-AGTCGTAAT	STREME-1	1.2e-002	Pocillopora_acuta_HIv2___RNAseq.g21787.t1	14.89	fp	0
1-AGTCGTAAT	STREME-1	1.2e-002	Pocillopora_acuta_HIv2___RNAseq.g8441.t1	14.89	fp	0
1-AGTCGTAAT	STREME-1	1.2e-002	Pocillopora_acuta_HIv2___RNAseq.g15972.t1	14.89	fp	0
1-AGTCGTAAT	STREME-1	1.2e-002	Pocillopora_acuta_HIv2___TS.g10450.t1	14.89	fp	0
1-AGTCGTAAT	STREME-1	1.2e-002	Pocillopora_acuta_HIv2___RNAseq.g5939.t1	14.89	fp	0
1-AGTCGTAAT	STREME-1	1.2e-002	Pocillopora_acuta_HIv2___RNAseq.g16233.t1	14.89	fp	0
1-AGTCGTAAT	STREME-1	1.2e-002	Pocillopora_acuta_HIv2___RNAseq.g5445.t1	14.89	fp	0
1-AGTCGTAAT	STREME-1	1.2e-002	Pocillopora_acuta_HIv2___RNAseq.g9676.t1	14.89	fp	0
1-AGTCGTAAT	STREME-1	1.2e-002	Pocillopora_acuta_HIv2___RNAseq.g24942.t1b	14.89	fp	0
1-AGTCGTAAT	STREME-1	1.2e-002	Pocillopora_acuta_HIv2___RNAseq.g18380.t1	14.89	fp	0
1-AGTCGTAAT	STREME-1	1.2e-002	Pocillopora_acuta_HIv2___TS.g3507.t1	14.89	fp	0
1-AGTCGTAAT	STREME-1	1.2e-002	Pocillopora_acuta_HIv2___RNAseq.g21724.t1	14.89	fp	0
1-AGTCGTAAT	STREME-1	1.2e-002	Pocillopora_acuta_HIv2___TS.g9581.t1	14.89	fp	0
1-AGTCGTAAT	STREME-1	1.2e-002	Pocillopora_acuta_HIv2___TS.g20032.t1a	14.89	fp	0
1-AGTCGTAAT	STREME-1	1.2e-002	Pocillopora_acuta_HIv2___RNAseq.g22643.t1	14.89	fp	0
1-AGTCGTAAT	STREME-1	1.2e-002	Pocillopora_acuta_HIv2___RNAseq.g16232.t1	14.89	fp	0
1-AGTCGTAAT	STREME-1	1.2e-002	Pocillopora_acuta_HIv2___RNAseq.g11488.t1	14.89	fp	0
1-AGTCGTAAT	STREME-1	1.2e-002	Pocillopora_acuta_HIv2___RNAseq.g10183.t2	14.89	fp	0
1-AGTCGTAAT	STREME-1	1.2e-002	Pocillopora_acuta_HIv2___RNAseq.g15266.t1	14.89	fp	0
1-AGTCGTAAT	STREME-1	1.2e-002	Pocillopora_acuta_HIv2___TS.g27891.t1	14.89	fp	0
1-AGTCGTAAT	STREME-1	1.2e-002	Pocillopora_acuta_HIv2___RNAseq.g17551.t1	14.89	fp	0
1-AGTCGTAAT	STREME-1	1.2e-002	Pocillopora_acuta_HIv2___RNAseq.g11438.t1	14.89	fp	0
1-AGTCGTAAT	STREME-1	1.2e-002	Pocillopora_acuta_HIv2___TS.g27154.t2	14.89	fp	0
1-AGTCGTAAT	STREME-1	1.2e-002	Pocillopora_acuta_HIv2___RNAseq.g26885.t1	14.89	fp	0
1-AGTCGTAAT	STREME-1	1.2e-002	Pocillopora_acuta_HIv2___RNAseq.g29317.t1	14.89	fp	0
1-AGTCGTAAT	STREME-1	1.2e-002	Pocillopora_acuta_HIv2___RNAseq.g29441.t1	14.89	fp	0
1-AGTCGTAAT	STREME-1	1.2e-002	Pocillopora_acuta_HIv2___RNAseq.g21221.t1	14.89	tp	1
1-AGTCGTAAT	STREME-1	1.2e-002	Pocillopora_acuta_HIv2___TS.g19887.t1	14.89	fp	1
1-AGTCGTAAT	STREME-1	1.2e-002	Pocillopora_acuta_HIv2___RNAseq.g12707.t1	14.89	fp	1
1-AGTCGTAAT	STREME-1	1.2e-002	Pocillopora_acuta_HIv2___RNAseq.g23623.t1	14.89	fp	1
1-AGTCGTAAT	STREME-1	1.2e-002	Pocillopora_acuta_HIv2___RNAseq.9584_t	14.89	fp	1
1-AGTCGTAAT	STREME-1	1.2e-002	Pocillopora_acuta_HIv2___RNAseq.g3523.t1	14.29	tp	0
1-AGTCGTAAT	STREME-1	1.2e-002	Pocillopora_acuta_HIv2___TS.g28827.t1	14.29	tp	0
1-AGTCGTAAT	STREME-1	1.2e-002	Pocillopora_acuta_HIv2___RNAseq.g29795.t1	14.29	tp	0
1-AGTCGTAAT	STREME-1	1.2e-002	Pocillopora_acuta_HIv2___TS.g12121.t1	14.29	tp	0
1-AGTCGTAAT	STREME-1	1.2e-002	Pocillopora_acuta_HIv2___RNAseq.18045_t	14.29	tp	0
1-AGTCGTAAT	STREME-1	1.2e-002	Pocillopora_acuta_HIv2___RNAseq.g21481.t1	14.29	tp	0
1-AGTCGTAAT	STREME-1	1.2e-002	Pocillopora_acuta_HIv2___RNAseq.g18952.t1	14.29	fp	0
1-AGTCGTAAT	STREME-1	1.2e-002	Pocillopora_acuta_HIv2___RNAseq.g3523.t1	14.29	fp	0
1-AGTCGTAAT	STREME-1	1.2e-002	Pocillopora_acuta_HIv2___RNAseq.g29841.t1	14.29	fp	0
1-AGTCGTAAT	STREME-1	1.2e-002	Pocillopora_acuta_HIv2___RNAseq.g6094.t2	14.29	fp	0
1-AGTCGTAAT	STREME-1	1.2e-002	Pocillopora_acuta_HIv2___RNAseq.g21481.t1	14.29	fp	0
1-AGTCGTAAT	STREME-1	1.2e-002	Pocillopora_acuta_HIv2___RNAseq.g10138.t1	14.29	fp	0
1-AGTCGTAAT	STREME-1	1.2e-002	Pocillopora_acuta_HIv2___TS.g28827.t1	14.29	fp	0
1-AGTCGTAAT	STREME-1	1.2e-002	Pocillopora_acuta_HIv2___RNAseq.g7613.t2	14.29	fp	0
1-AGTCGTAAT	STREME-1	1.2e-002	Pocillopora_acuta_HIv2___RNAseq.g4241.t1	14.29	fp	0
1-AGTCGTAAT	STREME-1	1.2e-002	Pocillopora_acuta_HIv2___RNAseq.g2911.t1	14.29	fp	0
1-AGTCGTAAT	STREME-1	1.2e-002	Pocillopora_acuta_HIv2___TS.g11975.t2	14.29	fp	0
1-AGTCGTAAT	STREME-1	1.2e-002	Pocillopora_acuta_HIv2___RNAseq.g17224.t2	14.29	fp	0
1-AGTCGTAAT	STREME-1	1.2e-002	Pocillopora_acuta_HIv2___TS.g5778.t1b	14.29	fp	0
1-AGTCGTAAT	STREME-1	1.2e-002	Pocillopora_acuta_HIv2___TS.g18002.t1	14.29	fp	0
1-AGTCGTAAT	STREME-1	1.2e-002	Pocillopora_acuta_HIv2___RNAseq.g19660.t1	14.29	fp	0
1-AGTCGTAAT	STREME-1	1.2e-002	Pocillopora_acuta_HIv2___TS.g23673.t1	14.29	fp	0
1-AGTCGTAAT	STREME-1	1.2e-002	Pocillopora_acuta_HIv2___TS.g12121.t1	14.29	fp	0
1-AGTCGTAAT	STREME-1	1.2e-002	Pocillopora_acuta_HIv2___RNAseq.g9730.t1	14.29	fp	0
1-AGTCGTAAT	STREME-1	1.2e-002	Pocillopora_acuta_HIv2___TS.g23497.t1a	14.29	fp	0
1-AGTCGTAAT	STREME-1	1.2e-002	Pocillopora_acuta_HIv2___TS.g6057.t1	14.29	fp	0
1-AGTCGTAAT	STREME-1	1.2e-002	Pocillopora_acuta_HIv2___RNAseq.g29795.t1	14.29	fp	0
1-AGTCGTAAT	STREME-1	1.2e-002	Pocillopora_acuta_HIv2___RNAseq.g4236.t1	14.29	fp	0
1-AGTCGTAAT	STREME-1	1.2e-002	Pocillopora_acuta_HIv2___TS.g23090.t1	14.29	fp	0
1-AGTCGTAAT	STREME-1	1.2e-002	Pocillopora_acuta_HIv2___RNAseq.g28639.t1	14.29	fp	0
1-AGTCGTAAT	STREME-1	1.2e-002	Pocillopora_acuta_HIv2___RNAseq.g16474.t1	14.29	fp	0
1-AGTCGTAAT	STREME-1	1.2e-002	Pocillopora_acuta_HIv2___RNAseq.g28899.t1	14.29	fp	0
1-AGTCGTAAT	STREME-1	1.2e-002	Pocillopora_acuta_HIv2___RNAseq.g10216.t1	14.29	fp	0
1-AGTCGTAAT	STREME-1	1.2e-002	Pocillopora_acuta_HIv2___TS.g6057.t1	14.29	tp	1
1-AGTCGTAAT	STREME-1	1.2e-002	Pocillopora_acuta_HIv2___TS.g23673.t1	14.29	tp	1
1-AGTCGTAAT	STREME-1	1.2e-002	Pocillopora_acuta_HIv2___RNAseq.g27667.t1	14.29	fp	1
1-AGTCGTAAT	STREME-1	1.2e-002	Pocillopora_acuta_HIv2___RNAseq.18045_t	14.29	fp	1
1-AGTCGTAAT	STREME-1	1.2e-002	Pocillopora_acuta_HIv2___RNAseq.g25026.t1	14.29	fp	1
1-AGTCGTAAT	STREME-1	1.2e-002	Pocillopora_acuta_HIv2___RNAseq.g3545.t2	14.29	fp	1
1-AGTCGTAAT	STREME-1	1.2e-002	Pocillopora_acuta_HIv2___RNAseq.g29675.t1	14.26	tp	0
1-AGTCGTAAT	STREME-1	1.2e-002	Pocillopora_acuta_HIv2___TS.g5308.t2	14.26	tp	0
1-AGTCGTAAT	STREME-1	1.2e-002	Pocillopora_acuta_HIv2___RNAseq.g25714.t1	14.26	tp	0
1-AGTCGTAAT	STREME-1	1.2e-002	Pocillopora_acuta_HIv2___RNAseq.g3780.t1	14.26	tp	0
1-AGTCGTAAT	STREME-1	1.2e-002	Pocillopora_acuta_HIv2___RNAseq.g22110.t1	14.26	tp	0
1-AGTCGTAAT	STREME-1	1.2e-002	Pocillopora_acuta_HIv2___RNAseq.g4350.t1	14.26	tp	0
1-AGTCGTAAT	STREME-1	1.2e-002	Pocillopora_acuta_HIv2___RNAseq.g4350.t1	14.26	fp	0
1-AGTCGTAAT	STREME-1	1.2e-002	Pocillopora_acuta_HIv2___RNAseq.g20827.t1	14.26	fp	0
1-AGTCGTAAT	STREME-1	1.2e-002	Pocillopora_acuta_HIv2___RNAseq.g607.t1	14.26	fp	0
1-AGTCGTAAT	STREME-1	1.2e-002	Pocillopora_acuta_HIv2___TS.g25606.t1	14.26	fp	0
1-AGTCGTAAT	STREME-1	1.2e-002	Pocillopora_acuta_HIv2___RNAseq.g7833.t1	14.26	fp	0
1-AGTCGTAAT	STREME-1	1.2e-002	Pocillopora_acuta_HIv2___RNAseq.g22110.t1	14.26	fp	0
1-AGTCGTAAT	STREME-1	1.2e-002	Pocillopora_acuta_HIv2___RNAseq.g19363.t1	14.26	fp	0
1-AGTCGTAAT	STREME-1	1.2e-002	Pocillopora_acuta_HIv2___RNAseq.g6184.t1	14.26	fp	0
1-AGTCGTAAT	STREME-1	1.2e-002	Pocillopora_acuta_HIv2___RNAseq.g30139.t1	14.26	fp	0
1-AGTCGTAAT	STREME-1	1.2e-002	Pocillopora_acuta_HIv2___RNAseq.g26019.t1	14.26	fp	0
1-AGTCGTAAT	STREME-1	1.2e-002	Pocillopora_acuta_HIv2___TS.g9696.t3	14.26	fp	0
1-AGTCGTAAT	STREME-1	1.2e-002	Pocillopora_acuta_HIv2___RNAseq.g19362.t3	14.26	fp	0
1-AGTCGTAAT	STREME-1	1.2e-002	Pocillopora_acuta_HIv2___RNAseq.g5827.t1	14.26	fp	0
1-AGTCGTAAT	STREME-1	1.2e-002	Pocillopora_acuta_HIv2___RNAseq.g24622.t1	14.26	fp	0
1-AGTCGTAAT	STREME-1	1.2e-002	Pocillopora_acuta_HIv2___RNAseq.g3780.t1	14.26	fp	0
1-AGTCGTAAT	STREME-1	1.2e-002	Pocillopora_acuta_HIv2___RNAseq.g29543.t1	14.26	fp	0
1-AGTCGTAAT	STREME-1	1.2e-002	Pocillopora_acuta_HIv2___TS.g6347.t1b	14.26	fp	0
1-AGTCGTAAT	STREME-1	1.2e-002	Pocillopora_acuta_HIv2___TS.g15668.t1	14.26	fp	0
1-AGTCGTAAT	STREME-1	1.2e-002	Pocillopora_acuta_HIv2___RNAseq.g7744.t1	14.26	fp	0
1-AGTCGTAAT	STREME-1	1.2e-002	Pocillopora_acuta_HIv2___TS.g5308.t2	14.26	fp	0
1-AGTCGTAAT	STREME-1	1.2e-002	Pocillopora_acuta_HIv2___RNAseq.g28385.t1	14.26	fp	0
1-AGTCGTAAT	STREME-1	1.2e-002	Pocillopora_acuta_HIv2___RNAseq.g25714.t1	14.26	fp	0
1-AGTCGTAAT	STREME-1	1.2e-002	Pocillopora_acuta_HIv2___RNAseq.g13416.t1	14.26	fp	0
1-AGTCGTAAT	STREME-1	1.2e-002	Pocillopora_acuta_HIv2___RNAseq.g26018.t1	14.26	fp	0
1-AGTCGTAAT	STREME-1	1.2e-002	Pocillopora_acuta_HIv2___TS.g30135.t1	14.26	fp	0
1-AGTCGTAAT	STREME-1	1.2e-002	Pocillopora_acuta_HIv2___RNAseq.g6393.t1	14.26	fp	0
1-AGTCGTAAT	STREME-1	1.2e-002	Pocillopora_acuta_HIv2___TS.g26822.t1	14.26	fp	0
1-AGTCGTAAT	STREME-1	1.2e-002	Pocillopora_acuta_HIv2___RNAseq.g13444.t1	14.26	fp	0
1-AGTCGTAAT	STREME-1	1.2e-002	Pocillopora_acuta_HIv2___RNAseq.g4349.t1	14.26	fp	0
1-AGTCGTAAT	STREME-1	1.2e-002	Pocillopora_acuta_HIv2___RNAseq.g20826.t1	14.26	fp	0
1-AGTCGTAAT	STREME-1	1.2e-002	Pocillopora_acuta_HIv2___RNAseq.g4059.t1	14.26	fp	0
1-AGTCGTAAT	STREME-1	1.2e-002	Pocillopora_acuta_HIv2___RNAseq.g14964.t1	14.26	fp	0
1-AGTCGTAAT	STREME-1	1.2e-002	Pocillopora_acuta_HIv2___RNAseq.g16541.t1	14.26	fp	0
1-AGTCGTAAT	STREME-1	1.2e-002	Pocillopora_acuta_HIv2___TS.g25674.t1	14.26	fp	0
1-AGTCGTAAT	STREME-1	1.2e-002	Pocillopora_acuta_HIv2___RNAseq.13716_t	14.26	fp	1
1-AGTCGTAAT	STREME-1	1.2e-002	Pocillopora_acuta_HIv2___RNAseq.g26129.t1	14.26	fp	1
1-AGTCGTAAT	STREME-1	1.2e-002	Pocillopora_acuta_HIv2___RNAseq.g4058.t1	14.26	fp	1
1-AGTCGTAAT	STREME-1	1.2e-002	Pocillopora_acuta_HIv2___RNAseq.g3938.t1	14.26	fp	1
1-AGTCGTAAT	STREME-1	1.2e-002	Pocillopora_acuta_HIv2___RNAseq.g29675.t1	14.26	fp	1
1-AGTCGTAAT	STREME-1	1.2e-002	Pocillopora_acuta_HIv2___RNAseq.g21055.t1	13.61	tp	0
1-AGTCGTAAT	STREME-1	1.2e-002	Pocillopora_acuta_HIv2___RNAseq.g29446.t1	13.61	tp	0
1-AGTCGTAAT	STREME-1	1.2e-002	Pocillopora_acuta_HIv2___RNAseq.g7011.t1	13.61	fp	0
1-AGTCGTAAT	STREME-1	1.2e-002	Pocillopora_acuta_HIv2___RNAseq.g29446.t1	13.61	fp	0
1-AGTCGTAAT	STREME-1	1.2e-002	Pocillopora_acuta_HIv2___RNAseq.g26362.t1	13.61	fp	0
1-AGTCGTAAT	STREME-1	1.2e-002	Pocillopora_acuta_HIv2___RNAseq.g29445.t1	13.61	fp	0
1-AGTCGTAAT	STREME-1	1.2e-002	Pocillopora_acuta_HIv2___RNAseq.g3758.t1	13.61	fp	0
1-AGTCGTAAT	STREME-1	1.2e-002	Pocillopora_acuta_HIv2___RNAseq.g18672.t1	13.61	fp	0
1-AGTCGTAAT	STREME-1	1.2e-002	Pocillopora_acuta_HIv2___RNAseq.g24661.t1	13.61	fp	0
1-AGTCGTAAT	STREME-1	1.2e-002	Pocillopora_acuta_HIv2___RNAseq.g7857.t1	13.61	fp	0
1-AGTCGTAAT	STREME-1	1.2e-002	Pocillopora_acuta_HIv2___RNAseq.g17905.t1	13.61	fp	0
1-AGTCGTAAT	STREME-1	1.2e-002	Pocillopora_acuta_HIv2___TS.g18925.t1	13.61	fp	0
1-AGTCGTAAT	STREME-1	1.2e-002	Pocillopora_acuta_HIv2___RNAseq.g21055.t1	13.61	fp	0
1-AGTCGTAAT	STREME-1	1.2e-002	Pocillopora_acuta_HIv2___RNAseq.g1580.t1	13.61	fp	0
1-AGTCGTAAT	STREME-1	1.2e-002	Pocillopora_acuta_HIv2___RNAseq.g12956.t1	13.61	fp	0
1-AGTCGTAAT	STREME-1	1.2e-002	Pocillopora_acuta_HIv2___TS.g26153.t1	13.61	fp	1
1-AGTCGTAAT	STREME-1	1.2e-002	Pocillopora_acuta_HIv2___RNAseq.g19083.t1	13.24	tp	0
1-AGTCGTAAT	STREME-1	1.2e-002	Pocillopora_acuta_HIv2___RNAseq.g31081.t1	13.24	tp	0
1-AGTCGTAAT	STREME-1	1.2e-002	Pocillopora_acuta_HIv2___RNAseq.20930_t	13.24	tp	0
1-AGTCGTAAT	STREME-1	1.2e-002	Pocillopora_acuta_HIv2___RNAseq.g1513.t1	13.24	fp	0
1-AGTCGTAAT	STREME-1	1.2e-002	Pocillopora_acuta_HIv2___RNAseq.20930_t	13.24	fp	0
1-AGTCGTAAT	STREME-1	1.2e-002	Pocillopora_acuta_HIv2___TS.g6825.t1	13.24	fp	0
1-AGTCGTAAT	STREME-1	1.2e-002	Pocillopora_acuta_HIv2___RNAseq.g26028.t1	13.24	fp	0
1-AGTCGTAAT	STREME-1	1.2e-002	Pocillopora_acuta_HIv2___RNAseq.g15532.t1	13.24	fp	0
1-AGTCGTAAT	STREME-1	1.2e-002	Pocillopora_acuta_HIv2___RNAseq.g19083.t1	13.24	fp	0
1-AGTCGTAAT	STREME-1	1.2e-002	Pocillopora_acuta_HIv2___RNAseq.g24931.t1	13.24	fp	0
1-AGTCGTAAT	STREME-1	1.2e-002	Pocillopora_acuta_HIv2___TS.g29955.t1a	13.24	fp	0
1-AGTCGTAAT	STREME-1	1.2e-002	Pocillopora_acuta_HIv2___RNAseq.g20335.t1	13.24	fp	0
1-AGTCGTAAT	STREME-1	1.2e-002	Pocillopora_acuta_HIv2___RNAseq.g3748.t1	13.24	fp	0
1-AGTCGTAAT	STREME-1	1.2e-002	Pocillopora_acuta_HIv2___RNAseq.g9374.t1	13.24	fp	0
1-AGTCGTAAT	STREME-1	1.2e-002	Pocillopora_acuta_HIv2___RNAseq.g5281.t1	13.24	fp	0
1-AGTCGTAAT	STREME-1	1.2e-002	Pocillopora_acuta_HIv2___TS.g26646.t1	13.24	fp	0
1-AGTCGTAAT	STREME-1	1.2e-002	Pocillopora_acuta_HIv2___RNAseq.g12959.t1	13.24	fp	0
1-AGTCGTAAT	STREME-1	1.2e-002	Pocillopora_acuta_HIv2___RNAseq.g13439.t1	13.24	fp	0
1-AGTCGTAAT	STREME-1	1.2e-002	Pocillopora_acuta_HIv2___RNAseq.g25781.t1	13.24	fp	0
1-AGTCGTAAT	STREME-1	1.2e-002	Pocillopora_acuta_HIv2___RNAseq.g9620.t1	13.24	fp	0
1-AGTCGTAAT	STREME-1	1.2e-002	Pocillopora_acuta_HIv2___RNAseq.g31081.t1	13.24	fp	0
1-AGTCGTAAT	STREME-1	1.2e-002	Pocillopora_acuta_HIv2___TS.g14320.t1	13.24	fp	0
1-AGTCGTAAT	STREME-1	1.2e-002	Pocillopora_acuta_HIv2___RNAseq.g9374.t1	13.24	tp	1
1-AGTCGTAAT	STREME-1	1.2e-002	Pocillopora_acuta_HIv2___RNAseq.g23698.t1	13.24	fp	1
1-AGTCGTAAT	STREME-1	1.2e-002	Pocillopora_acuta_HIv2___TS.g26911.t2	13.24	fp	1
1-AGTCGTAAT	STREME-1	1.2e-002	Pocillopora_acuta_HIv2___RNAseq.g26319.t1	13.24	tp	0
1-AGTCGTAAT	STREME-1	1.2e-002	Pocillopora_acuta_HIv2___RNAseq.g12257.t1	13.24	tp	0
1-AGTCGTAAT	STREME-1	1.2e-002	Pocillopora_acuta_HIv2___RNAseq.g12272.t1	13.24	tp	0
1-AGTCGTAAT	STREME-1	1.2e-002	Pocillopora_acuta_HIv2___RNAseq.g12258.t1	13.24	tp	0
1-AGTCGTAAT	STREME-1	1.2e-002	Pocillopora_acuta_HIv2___RNAseq.g21369.t1	13.24	tp	0
1-AGTCGTAAT	STREME-1	1.2e-002	Pocillopora_acuta_HIv2___RNAseq.g7337.t1	13.24	fp	0
1-AGTCGTAAT	STREME-1	1.2e-002	Pocillopora_acuta_HIv2___RNAseq.g12272.t1	13.24	fp	0
1-AGTCGTAAT	STREME-1	1.2e-002	Pocillopora_acuta_HIv2___TS.g3628.t4	13.24	fp	0
1-AGTCGTAAT	STREME-1	1.2e-002	Pocillopora_acuta_HIv2___RNAseq.g2145.t2	13.24	fp	0
1-AGTCGTAAT	STREME-1	1.2e-002	Pocillopora_acuta_HIv2___RNAseq.3260_t	13.24	fp	0
1-AGTCGTAAT	STREME-1	1.2e-002	Pocillopora_acuta_HIv2___RNAseq.g16864.t1	13.24	fp	0
1-AGTCGTAAT	STREME-1	1.2e-002	Pocillopora_acuta_HIv2___RNAseq.g12257.t1	13.24	fp	0
1-AGTCGTAAT	STREME-1	1.2e-002	Pocillopora_acuta_HIv2___TS.g29019.t1	13.24	fp	0
1-AGTCGTAAT	STREME-1	1.2e-002	Pocillopora_acuta_HIv2___RNAseq.g7840.t1	13.24	fp	0
1-AGTCGTAAT	STREME-1	1.2e-002	Pocillopora_acuta_HIv2___TS.g12332.t2b	13.24	fp	0
1-AGTCGTAAT	STREME-1	1.2e-002	Pocillopora_acuta_HIv2___RNAseq.g11881.t1	13.24	fp	0
1-AGTCGTAAT	STREME-1	1.2e-002	Pocillopora_acuta_HIv2___RNAseq.g8229.t1	13.24	fp	0
1-AGTCGTAAT	STREME-1	1.2e-002	Pocillopora_acuta_HIv2___RNAseq.g1182.t1	13.24	fp	0
1-AGTCGTAAT	STREME-1	1.2e-002	Pocillopora_acuta_HIv2___RNAseq.g25406.t1	13.24	fp	0
1-AGTCGTAAT	STREME-1	1.2e-002	Pocillopora_acuta_HIv2___RNAseq.g31367.t1	13.24	fp	0
1-AGTCGTAAT	STREME-1	1.2e-002	Pocillopora_acuta_HIv2___TS.g21928.t2	13.24	fp	0
1-AGTCGTAAT	STREME-1	1.2e-002	Pocillopora_acuta_HIv2___RNAseq.g2214.t1c	13.24	fp	0
1-AGTCGTAAT	STREME-1	1.2e-002	Pocillopora_acuta_HIv2___RNAseq.g7931.t1	13.24	fp	0
1-AGTCGTAAT	STREME-1	1.2e-002	Pocillopora_acuta_HIv2___RNAseq.g12226.t1	13.24	fp	0
1-AGTCGTAAT	STREME-1	1.2e-002	Pocillopora_acuta_HIv2___RNAseq.g26670.t1	13.24	fp	0
1-AGTCGTAAT	STREME-1	1.2e-002	Pocillopora_acuta_HIv2___TS.g6330.t1	13.24	fp	0
1-AGTCGTAAT	STREME-1	1.2e-002	Pocillopora_acuta_HIv2___RNAseq.g2146.t1	13.24	fp	0
1-AGTCGTAAT	STREME-1	1.2e-002	Pocillopora_acuta_HIv2___RNAseq.g2989.t1	13.24	fp	0
1-AGTCGTAAT	STREME-1	1.2e-002	Pocillopora_acuta_HIv2___RNAseq.g30562.t1	13.24	fp	0
1-AGTCGTAAT	STREME-1	1.2e-002	Pocillopora_acuta_HIv2___TS.g30962.t1	13.24	fp	0
1-AGTCGTAAT	STREME-1	1.2e-002	Pocillopora_acuta_HIv2___RNAseq.g28255.t1	13.24	fp	0
1-AGTCGTAAT	STREME-1	1.2e-002	Pocillopora_acuta_HIv2___RNAseq.g21369.t1	13.24	fp	0
1-AGTCGTAAT	STREME-1	1.2e-002	Pocillopora_acuta_HIv2___RNAseq.g24046.t1	13.24	fp	0
1-AGTCGTAAT	STREME-1	1.2e-002	Pocillopora_acuta_HIv2___RNAseq.g25758.t1b	13.24	fp	0
1-AGTCGTAAT	STREME-1	1.2e-002	Pocillopora_acuta_HIv2___RNAseq.g23804.t1	13.24	fp	0
1-AGTCGTAAT	STREME-1	1.2e-002	Pocillopora_acuta_HIv2___RNAseq.g17614.t1	13.24	fp	0
1-AGTCGTAAT	STREME-1	1.2e-002	Pocillopora_acuta_HIv2___RNAseq.g3710.t1	13.24	fp	0
1-AGTCGTAAT	STREME-1	1.2e-002	Pocillopora_acuta_HIv2___RNAseq.g26319.t1	13.24	fp	0
1-AGTCGTAAT	STREME-1	1.2e-002	Pocillopora_acuta_HIv2___RNAseq.g18095.t1	13.24	fp	0
1-AGTCGTAAT	STREME-1	1.2e-002	Pocillopora_acuta_HIv2___RNAseq.g12258.t1	13.24	fp	0
1-AGTCGTAAT	STREME-1	1.2e-002	Pocillopora_acuta_HIv2___TS.g23788.t2	13.24	fp	1
1-AGTCGTAAT	STREME-1	1.2e-002	Pocillopora_acuta_HIv2___RNAseq.g11876.t1	13.15	tp	0
1-AGTCGTAAT	STREME-1	1.2e-002	Pocillopora_acuta_HIv2___RNAseq.g20930.t1	13.15	tp	0
1-AGTCGTAAT	STREME-1	1.2e-002	Pocillopora_acuta_HIv2___RNAseq.g23533.t1	13.15	tp	0
1-AGTCGTAAT	STREME-1	1.2e-002	Pocillopora_acuta_HIv2___TS.g20605.t1	13.15	tp	0
1-AGTCGTAAT	STREME-1	1.2e-002	Pocillopora_acuta_HIv2___RNAseq.g24577.t1	13.15	fp	0
1-AGTCGTAAT	STREME-1	1.2e-002	Pocillopora_acuta_HIv2___RNAseq.g26602.t1	13.15	fp	0
1-AGTCGTAAT	STREME-1	1.2e-002	Pocillopora_acuta_HIv2___RNAseq.g29686.t2	13.15	fp	0
1-AGTCGTAAT	STREME-1	1.2e-002	Pocillopora_acuta_HIv2___TS.g21715.t1	13.15	fp	0
1-AGTCGTAAT	STREME-1	1.2e-002	Pocillopora_acuta_HIv2___RNAseq.g6947.t1	13.15	fp	0
1-AGTCGTAAT	STREME-1	1.2e-002	Pocillopora_acuta_HIv2___RNAseq.g25434.t1	13.15	fp	0
1-AGTCGTAAT	STREME-1	1.2e-002	Pocillopora_acuta_HIv2___RNAseq.g23168.t1	13.15	fp	0
1-AGTCGTAAT	STREME-1	1.2e-002	Pocillopora_acuta_HIv2___RNAseq.g6946.t1	13.15	fp	0
1-AGTCGTAAT	STREME-1	1.2e-002	Pocillopora_acuta_HIv2___RNAseq.g13814.t1	13.15	fp	0
1-AGTCGTAAT	STREME-1	1.2e-002	Pocillopora_acuta_HIv2___TS.g9744.t1	13.15	fp	0
1-AGTCGTAAT	STREME-1	1.2e-002	Pocillopora_acuta_HIv2___RNAseq.g11430.t1	13.15	fp	0
1-AGTCGTAAT	STREME-1	1.2e-002	Pocillopora_acuta_HIv2___RNAseq.g4348.t1	13.15	fp	0
1-AGTCGTAAT	STREME-1	1.2e-002	Pocillopora_acuta_HIv2___RNAseq.g24349.t1	13.15	fp	0
1-AGTCGTAAT	STREME-1	1.2e-002	Pocillopora_acuta_HIv2___TS.g21251.t2	13.15	fp	0
1-AGTCGTAAT	STREME-1	1.2e-002	Pocillopora_acuta_HIv2___RNAseq.g17443.t1	13.15	fp	0
1-AGTCGTAAT	STREME-1	1.2e-002	Pocillopora_acuta_HIv2___RNAseq.g17354.t1	13.15	fp	0
1-AGTCGTAAT	STREME-1	1.2e-002	Pocillopora_acuta_HIv2___RNAseq.g4769.t2	13.15	fp	0
1-AGTCGTAAT	STREME-1	1.2e-002	Pocillopora_acuta_HIv2___TS.g314.t3b	13.15	fp	0
1-AGTCGTAAT	STREME-1	1.2e-002	Pocillopora_acuta_HIv2___TS.g29599.t2	13.15	fp	0
1-AGTCGTAAT	STREME-1	1.2e-002	Pocillopora_acuta_HIv2___RNAseq.g20930.t1	13.15	fp	0
1-AGTCGTAAT	STREME-1	1.2e-002	Pocillopora_acuta_HIv2___TS.g20605.t1	13.15	fp	0
1-AGTCGTAAT	STREME-1	1.2e-002	Pocillopora_acuta_HIv2___TS.g11720.t2	13.15	fp	0
1-AGTCGTAAT	STREME-1	1.2e-002	Pocillopora_acuta_HIv2___RNAseq.g30093.t1	13.15	fp	0
1-AGTCGTAAT	STREME-1	1.2e-002	Pocillopora_acuta_HIv2___RNAseq.g29988.t1	13.15	fp	0
1-AGTCGTAAT	STREME-1	1.2e-002	Pocillopora_acuta_HIv2___RNAseq.g22523.t1	13.15	fp	0
1-AGTCGTAAT	STREME-1	1.2e-002	Pocillopora_acuta_HIv2___RNAseq.g23533.t1	13.15	fp	0
1-AGTCGTAAT	STREME-1	1.2e-002	Pocillopora_acuta_HIv2___RNAseq.g5832.t1	13.15	fp	0
1-AGTCGTAAT	STREME-1	1.2e-002	Pocillopora_acuta_HIv2___RNAseq.g4713.t1	13.15	fp	0
1-AGTCGTAAT	STREME-1	1.2e-002	Pocillopora_acuta_HIv2___RNAseq.g30757.t1	13.15	fp	0
1-AGTCGTAAT	STREME-1	1.2e-002	Pocillopora_acuta_HIv2___TS.g26942.t1	13.15	fp	0
1-AGTCGTAAT	STREME-1	1.2e-002	Pocillopora_acuta_HIv2___RNAseq.g23528.t1	13.15	fp	0
1-AGTCGTAAT	STREME-1	1.2e-002	Pocillopora_acuta_HIv2___RNAseq.g16362.t1	13.15	fp	0
1-AGTCGTAAT	STREME-1	1.2e-002	Pocillopora_acuta_HIv2___RNAseq.g17488.t1	13.15	fp	0
1-AGTCGTAAT	STREME-1	1.2e-002	Pocillopora_acuta_HIv2___RNAseq.g26602.t1	13.15	tp	1
1-AGTCGTAAT	STREME-1	1.2e-002	Pocillopora_acuta_HIv2___RNAseq.g26496.t2	13.15	fp	1
1-AGTCGTAAT	STREME-1	1.2e-002	Pocillopora_acuta_HIv2___TS.g17699.t2	13.15	fp	1
1-AGTCGTAAT	STREME-1	1.2e-002	Pocillopora_acuta_HIv2___TS.g334.t2	13.15	fp	1
1-AGTCGTAAT	STREME-1	1.2e-002	Pocillopora_acuta_HIv2___RNAseq.g11876.t1	13.15	fp	1
1-AGTCGTAAT	STREME-1	1.2e-002	Pocillopora_acuta_HIv2___RNAseq.g12001.t1	13.15	fp	1
1-AGTCGTAAT	STREME-1	1.2e-002	Pocillopora_acuta_HIv2___RNAseq.g24849.t1	13.15	fp	1
1-AGTCGTAAT	STREME-1	1.2e-002	Pocillopora_acuta_HIv2___RNAseq.g28513.t1	13.15	fp	1
1-AGTCGTAAT	STREME-1	1.2e-002	Pocillopora_acuta_HIv2___RNAseq.g26740.t1	13.15	fp	1
1-AGTCGTAAT	STREME-1	1.2e-002	Pocillopora_acuta_HIv2___RNAseq.g14039.t2	13.10	tp	0
1-AGTCGTAAT	STREME-1	1.2e-002	Pocillopora_acuta_HIv2___TS.g12848.t1	13.10	tp	0
1-AGTCGTAAT	STREME-1	1.2e-002	Pocillopora_acuta_HIv2___RNAseq.g29787.t1	13.10	fp	0
1-AGTCGTAAT	STREME-1	1.2e-002	Pocillopora_acuta_HIv2___RNAseq.g1492.t1	13.10	fp	0
1-AGTCGTAAT	STREME-1	1.2e-002	Pocillopora_acuta_HIv2___RNAseq.g23746.t1	13.10	fp	0
1-AGTCGTAAT	STREME-1	1.2e-002	Pocillopora_acuta_HIv2___RNAseq.g14480.t1	13.10	fp	0
1-AGTCGTAAT	STREME-1	1.2e-002	Pocillopora_acuta_HIv2___RNAseq.g25233.t1	13.10	fp	0
1-AGTCGTAAT	STREME-1	1.2e-002	Pocillopora_acuta_HIv2___RNAseq.g21499.t1	13.10	fp	0
1-AGTCGTAAT	STREME-1	1.2e-002	Pocillopora_acuta_HIv2___TS.g10411.t1	13.10	fp	0
1-AGTCGTAAT	STREME-1	1.2e-002	Pocillopora_acuta_HIv2___RNAseq.g13213.t1	13.10	fp	0
1-AGTCGTAAT	STREME-1	1.2e-002	Pocillopora_acuta_HIv2___RNAseq.g27083.t1	13.10	fp	0
1-AGTCGTAAT	STREME-1	1.2e-002	Pocillopora_acuta_HIv2___RNAseq.g3804.t1	13.10	fp	0
1-AGTCGTAAT	STREME-1	1.2e-002	Pocillopora_acuta_HIv2___TS.g9624.t1	13.10	fp	0
1-AGTCGTAAT	STREME-1	1.2e-002	Pocillopora_acuta_HIv2___RNAseq.g14040.t1	13.10	fp	0
1-AGTCGTAAT	STREME-1	1.2e-002	Pocillopora_acuta_HIv2___RNAseq.g1727.t1	13.10	fp	0
1-AGTCGTAAT	STREME-1	1.2e-002	Pocillopora_acuta_HIv2___RNAseq.g14039.t2	13.10	fp	0
1-AGTCGTAAT	STREME-1	1.2e-002	Pocillopora_acuta_HIv2___RNAseq.g26951.t1	13.10	fp	0
1-AGTCGTAAT	STREME-1	1.2e-002	Pocillopora_acuta_HIv2___TS.g12848.t1	13.10	fp	0
1-AGTCGTAAT	STREME-1	1.2e-002	Pocillopora_acuta_HIv2___TS.g23946.t1	13.10	fp	1
1-AGTCGTAAT	STREME-1	1.2e-002	Pocillopora_acuta_HIv2___RNAseq.g29391.t2a	13.10	fp	1
1-AGTCGTAAT	STREME-1	1.2e-002	Pocillopora_acuta_HIv2___RNAseq.g23151.t2	13.10	fp	1
#
2-AGCTCAAATTKATAG	STREME-2	1.0e+000	Pocillopora_acuta_HIv2___RNAseq.21012_t	25.62	tp	0
2-AGCTCAAATTKATAG	STREME-2	1.0e+000	Pocillopora_acuta_HIv2___RNAseq.21015_t	25.62	tp	0
2-AGCTCAAATTKATAG	STREME-2	1.0e+000	Pocillopora_acuta_HIv2___RNAseq.21015_t	25.62	fp	0
2-AGCTCAAATTKATAG	STREME-2	1.0e+000	Pocillopora_acuta_HIv2___RNAseq.21012_t	25.62	fp	0
2-AGCTCAAATTKATAG	STREME-2	1.0e+000	Pocillopora_acuta_HIv2___TS.g20588.t1	24.40	tp	0
2-AGCTCAAATTKATAG	STREME-2	1.0e+000	Pocillopora_acuta_HIv2___TS.g20588.t1	24.40	fp	0
2-AGCTCAAATTKATAG	STREME-2	1.0e+000	Pocillopora_acuta_HIv2___RNAseq.g9084.t1	23.44	tp	0
2-AGCTCAAATTKATAG	STREME-2	1.0e+000	Pocillopora_acuta_HIv2___RNAseq.g9084.t1	23.44	fp	0
2-AGCTCAAATTKATAG	STREME-2	1.0e+000	Pocillopora_acuta_HIv2___RNAseq.g18290.t1	22.56	tp	0
2-AGCTCAAATTKATAG	STREME-2	1.0e+000	Pocillopora_acuta_HIv2___RNAseq.g18290.t1	22.56	fp	0
2-AGCTCAAATTKATAG	STREME-2	1.0e+000	Pocillopora_acuta_HIv2___RNAseq.g18227.t1	20.80	fp	0
2-AGCTCAAATTKATAG	STREME-2	1.0e+000	Pocillopora_acuta_HIv2___RNAseq.g14750.t1	20.69	tp	0
2-AGCTCAAATTKATAG	STREME-2	1.0e+000	Pocillopora_acuta_HIv2___RNAseq.g14750.t1	20.69	fp	0
2-AGCTCAAATTKATAG	STREME-2	1.0e+000	Pocillopora_acuta_HIv2___RNAseq.g16928.t3	20.62	tp	0
2-AGCTCAAATTKATAG	STREME-2	1.0e+000	Pocillopora_acuta_HIv2___RNAseq.g16928.t3	20.62	fp	0
2-AGCTCAAATTKATAG	STREME-2	1.0e+000	Pocillopora_acuta_HIv2___TS.g26645.t1	20.62	tp	0
2-AGCTCAAATTKATAG	STREME-2	1.0e+000	Pocillopora_acuta_HIv2___TS.g26645.t1	20.62	fp	0
2-AGCTCAAATTKATAG	STREME-2	1.0e+000	Pocillopora_acuta_HIv2___TS.g8000.t1	20.37	tp	0
2-AGCTCAAATTKATAG	STREME-2	1.0e+000	Pocillopora_acuta_HIv2___TS.g8000.t1	20.37	fp	0
2-AGCTCAAATTKATAG	STREME-2	1.0e+000	Pocillopora_acuta_HIv2___RNAseq.g5181.t1	19.62	tp	0
2-AGCTCAAATTKATAG	STREME-2	1.0e+000	Pocillopora_acuta_HIv2___RNAseq.g5181.t1	19.62	fp	0
2-AGCTCAAATTKATAG	STREME-2	1.0e+000	Pocillopora_acuta_HIv2___TS.g4503.t1	19.51	tp	0
2-AGCTCAAATTKATAG	STREME-2	1.0e+000	Pocillopora_acuta_HIv2___TS.g4503.t1	19.51	fp	0
#
3-CTGATTGAAACA	STREME-3	1.0e+000	Pocillopora_acuta_HIv2___RNAseq.g9084.t1	21.12	tp	0
3-CTGATTGAAACA	STREME-3	1.0e+000	Pocillopora_acuta_HIv2___RNAseq.g9085.t1	21.12	tp	0
3-CTGATTGAAACA	STREME-3	1.0e+000	Pocillopora_acuta_HIv2___RNAseq.g14837.t1	21.12	tp	0
3-CTGATTGAAACA	STREME-3	1.0e+000	Pocillopora_acuta_HIv2___RNAseq.21012_t	21.12	tp	0
3-CTGATTGAAACA	STREME-3	1.0e+000	Pocillopora_acuta_HIv2___RNAseq.21015_t	21.12	tp	0
3-CTGATTGAAACA	STREME-3	1.0e+000	Pocillopora_acuta_HIv2___RNAseq.g9084.t1	21.12	fp	0
3-CTGATTGAAACA	STREME-3	1.0e+000	Pocillopora_acuta_HIv2___RNAseq.21015_t	21.12	fp	0
3-CTGATTGAAACA	STREME-3	1.0e+000	Pocillopora_acuta_HIv2___RNAseq.21012_t	21.12	fp	0
3-CTGATTGAAACA	STREME-3	1.0e+000	Pocillopora_acuta_HIv2___RNAseq.g24246.t1	21.12	fp	0
3-CTGATTGAAACA	STREME-3	1.0e+000	Pocillopora_acuta_HIv2___RNAseq.g9085.t1	21.12	fp	0
3-CTGATTGAAACA	STREME-3	1.0e+000	Pocillopora_acuta_HIv2___RNAseq.g24245.t1	21.12	fp	0
3-CTGATTGAAACA	STREME-3	1.0e+000	Pocillopora_acuta_HIv2___RNAseq.g14837.t1	21.12	fp	1
3-CTGATTGAAACA	STREME-3	1.0e+000	Pocillopora_acuta_HIv2___RNAseq.g8588.t1	19.44	tp	0
3-CTGATTGAAACA	STREME-3	1.0e+000	Pocillopora_acuta_HIv2___RNAseq.g8922.t1	19.44	tp	0
3-CTGATTGAAACA	STREME-3	1.0e+000	Pocillopora_acuta_HIv2___RNAseq.g8588.t1	19.44	fp	0
3-CTGATTGAAACA	STREME-3	1.0e+000	Pocillopora_acuta_HIv2___RNAseq.g8922.t1	19.44	fp	1
3-CTGATTGAAACA	STREME-3	1.0e+000	Pocillopora_acuta_HIv2___RNAseq.g22336.t1b	19.06	tp	0
3-CTGATTGAAACA	STREME-3	1.0e+000	Pocillopora_acuta_HIv2___RNAseq.g22336.t1b	19.06	fp	1
3-CTGATTGAAACA	STREME-3	1.0e+000	Pocillopora_acuta_HIv2___TS.g10825.t1	18.81	tp	0
3-CTGATTGAAACA	STREME-3	1.0e+000	Pocillopora_acuta_HIv2___RNAseq.g565.t1	18.81	tp	0
3-CTGATTGAAACA	STREME-3	1.0e+000	Pocillopora_acuta_HIv2___RNAseq.g6256.t1	18.81	fp	0
3-CTGATTGAAACA	STREME-3	1.0e+000	Pocillopora_acuta_HIv2___TS.g10825.t1	18.81	fp	0
3-CTGATTGAAACA	STREME-3	1.0e+000	Pocillopora_acuta_HIv2___RNAseq.g565.t1	18.81	fp	0
3-CTGATTGAAACA	STREME-3	1.0e+000	Pocillopora_acuta_HIv2___TS.g4495.t1	18.32	tp	0
3-CTGATTGAAACA	STREME-3	1.0e+000	Pocillopora_acuta_HIv2___TS.g4495.t1	18.32	fp	0
3-CTGATTGAAACA	STREME-3	1.0e+000	Pocillopora_acuta_HIv2___TS.g20238.t1	18.32	fp	0
#
4-GACCCTGCCRAT	STREME-4	1.0e+000	Pocillopora_acuta_HIv2___RNAseq.g5778.t1	21.48	fp	0
4-GACCCTGCCRAT	STREME-4	1.0e+000	Pocillopora_acuta_HIv2___RNAseq.g17105.t1	20.92	tp	0
4-GACCCTGCCRAT	STREME-4	1.0e+000	Pocillopora_acuta_HIv2___RNAseq.g17105.t1	20.92	fp	0
4-GACCCTGCCRAT	STREME-4	1.0e+000	Pocillopora_acuta_HIv2___RNAseq.g22142.t1	20.19	tp	0
4-GACCCTGCCRAT	STREME-4	1.0e+000	Pocillopora_acuta_HIv2___RNAseq.g16302.t1a	20.19	tp	0
4-GACCCTGCCRAT	STREME-4	1.0e+000	Pocillopora_acuta_HIv2___RNAseq.g6231.t1	20.19	tp	0
4-GACCCTGCCRAT	STREME-4	1.0e+000	Pocillopora_acuta_HIv2___RNAseq.g23492.t1	20.19	tp	0
4-GACCCTGCCRAT	STREME-4	1.0e+000	Pocillopora_acuta_HIv2___RNAseq.g22142.t1	20.19	fp	0
4-GACCCTGCCRAT	STREME-4	1.0e+000	Pocillopora_acuta_HIv2___RNAseq.g23492.t1	20.19	fp	0
4-GACCCTGCCRAT	STREME-4	1.0e+000	Pocillopora_acuta_HIv2___RNAseq.g7684.t1	20.19	fp	0
4-GACCCTGCCRAT	STREME-4	1.0e+000	Pocillopora_acuta_HIv2___RNAseq.g6231.t1	20.19	fp	0
4-GACCCTGCCRAT	STREME-4	1.0e+000	Pocillopora_acuta_HIv2___TS.g24428.t1	20.19	fp	0
4-GACCCTGCCRAT	STREME-4	1.0e+000	Pocillopora_acuta_HIv2___RNAseq.g16302.t1a	20.19	fp	1
4-GACCCTGCCRAT	STREME-4	1.0e+000	Pocillopora_acuta_HIv2___RNAseq.g9253.t1	19.06	tp	0
4-GACCCTGCCRAT	STREME-4	1.0e+000	Pocillopora_acuta_HIv2___RNAseq.g9253.t1	19.06	fp	0
4-GACCCTGCCRAT	STREME-4	1.0e+000	Pocillopora_acuta_HIv2___RNAseq.g3610.t1	18.61	tp	0
4-GACCCTGCCRAT	STREME-4	1.0e+000	Pocillopora_acuta_HIv2___RNAseq.g3610.t1	18.61	fp	0
4-GACCCTGCCRAT	STREME-4	1.0e+000	Pocillopora_acuta_HIv2___RNAseq.g8922.t1	18.37	tp	0
4-GACCCTGCCRAT	STREME-4	1.0e+000	Pocillopora_acuta_HIv2___RNAseq.g8922.t1	18.37	fp	1
4-GACCCTGCCRAT	STREME-4	1.0e+000	Pocillopora_acuta_HIv2___RNAseq.g21224.t1	18.16	tp	0
4-GACCCTGCCRAT	STREME-4	1.0e+000	Pocillopora_acuta_HIv2___RNAseq.g21224.t1	18.16	fp	0
4-GACCCTGCCRAT	STREME-4	1.0e+000	Pocillopora_acuta_HIv2___TS.g13451.t1	18.08	tp	0
4-GACCCTGCCRAT	STREME-4	1.0e+000	Pocillopora_acuta_HIv2___TS.g13451.t1	18.08	fp	0
4-GACCCTGCCRAT	STREME-4	1.0e+000	Pocillopora_acuta_HIv2___RNAseq.g1720.t1	18.08	fp	0
4-GACCCTGCCRAT	STREME-4	1.0e+000	Pocillopora_acuta_HIv2___RNAseq.g4024.t1	18.08	fp	0
4-GACCCTGCCRAT	STREME-4	1.0e+000	Pocillopora_acuta_HIv2___RNAseq.g16528.t1a	17.50	fp	0
4-GACCCTGCCRAT	STREME-4	1.0e+000	Pocillopora_acuta_HIv2___RNAseq.g375.t1	17.40	fp	0
4-GACCCTGCCRAT	STREME-4	1.0e+000	Pocillopora_acuta_HIv2___RNAseq.g13006.t2	17.36	fp	0
4-GACCCTGCCRAT	STREME-4	1.0e+000	Pocillopora_acuta_HIv2___RNAseq.g8901.t1	17.34	tp	0
4-GACCCTGCCRAT	STREME-4	1.0e+000	Pocillopora_acuta_HIv2___RNAseq.g8901.t1	17.34	fp	0
4-GACCCTGCCRAT	STREME-4	1.0e+000	Pocillopora_acuta_HIv2___RNAseq.g30723.t1	17.32	fp	0
4-GACCCTGCCRAT	STREME-4	1.0e+000	Pocillopora_acuta_HIv2___RNAseq.g12755.t1	16.90	fp	0
4-GACCCTGCCRAT	STREME-4	1.0e+000	Pocillopora_acuta_HIv2___RNAseq.g21198.t2	16.89	tp	0
4-GACCCTGCCRAT	STREME-4	1.0e+000	Pocillopora_acuta_HIv2___RNAseq.g21198.t2	16.89	fp	0
4-GACCCTGCCRAT	STREME-4	1.0e+000	Pocillopora_acuta_HIv2___RNAseq.g28809.t1	16.55	tp	0
4-GACCCTGCCRAT	STREME-4	1.0e+000	Pocillopora_acuta_HIv2___RNAseq.g28809.t1	16.55	fp	0
