motif_ID	motif_ALT_ID	seq_ID	site_Start	site_End	site_Strand	site_Score	site_Sequence
1-AGTCGTAAT	STREME-1	Pocillopora_acuta_HIv2___RNAseq.g19085.t1	391	399	+	16.83	AGTCGTAAT
1-AGTCGTAAT	STREME-1	Pocillopora_acuta_HIv2___RNAseq.g3839.t1	233	241	+	16.83	AGTCGTAAT
1-AGTCGTAAT	STREME-1	Pocillopora_acuta_HIv2___TS.g26645.t1	423	431	-	16.83	AGTCGTAAT
1-AGTCGTAAT	STREME-1	Pocillopora_acuta_HIv2___RNAseq.g2716.t1	57	65	-	16.83	AGTCGTAAT
1-AGTCGTAAT	STREME-1	Pocillopora_acuta_HIv2___RNAseq.g28809.t1	181	189	-	16.83	AGTCGTAAT
1-AGTCGTAAT	STREME-1	Pocillopora_acuta_HIv2___RNAseq.g13103.t1	80	88	+	16.83	AGTCGTAAT
1-AGTCGTAAT	STREME-1	Pocillopora_acuta_HIv2___RNAseq.14358_t	257	265	+	16.83	AGTCGTAAT
1-AGTCGTAAT	STREME-1	Pocillopora_acuta_HIv2___RNAseq.g13690.t1	348	356	+	16.83	AGTCGTAAT
1-AGTCGTAAT	STREME-1	Pocillopora_acuta_HIv2___RNAseq.g21221.t1	178	186	-	14.89	AGTCGTAAG
1-AGTCGTAAT	STREME-1	Pocillopora_acuta_HIv2___RNAseq.g8441.t1	140	148	-	14.89	AGTCGTAAG
1-AGTCGTAAT	STREME-1	Pocillopora_acuta_HIv2___TS.g27154.t2	122	130	+	14.89	AGTCGTAAG
1-AGTCGTAAT	STREME-1	Pocillopora_acuta_HIv2___RNAseq.g15972.t1	378	386	-	14.89	AGTCGTAAG
1-AGTCGTAAT	STREME-1	Pocillopora_acuta_HIv2___TS.g19887.t1	415	423	-	14.89	AGTCGTAAG
1-AGTCGTAAT	STREME-1	Pocillopora_acuta_HIv2___RNAseq.g18380.t1	353	361	+	14.89	AGTCGTAAG
1-AGTCGTAAT	STREME-1	Pocillopora_acuta_HIv2___RNAseq.g23623.t1	91	99	+	14.89	AGTCGTAAG
1-AGTCGTAAT	STREME-1	Pocillopora_acuta_HIv2___TS.g8003.t2	204	212	-	14.89	AGTCGTAAG
1-AGTCGTAAT	STREME-1	Pocillopora_acuta_HIv2___RNAseq.g3523.t1	369	377	+	14.29	AGTCGCAAT
1-AGTCGTAAT	STREME-1	Pocillopora_acuta_HIv2___TS.g6057.t1	163	171	-	14.29	AGTCGCAAT
1-AGTCGTAAT	STREME-1	Pocillopora_acuta_HIv2___TS.g23673.t1	286	294	+	14.29	AGTCGCAAT
1-AGTCGTAAT	STREME-1	Pocillopora_acuta_HIv2___TS.g28827.t1	368	376	-	14.29	AGTCGCAAT
1-AGTCGTAAT	STREME-1	Pocillopora_acuta_HIv2___RNAseq.g29795.t1	424	432	-	14.29	AGTCGCAAT
1-AGTCGTAAT	STREME-1	Pocillopora_acuta_HIv2___TS.g12121.t1	263	271	-	14.29	AGTCGCAAT
1-AGTCGTAAT	STREME-1	Pocillopora_acuta_HIv2___RNAseq.18045_t	457	465	-	14.29	AGTCGCAAT
1-AGTCGTAAT	STREME-1	Pocillopora_acuta_HIv2___RNAseq.g21481.t1	39	47	-	14.29	AGTCGCAAT
1-AGTCGTAAT	STREME-1	Pocillopora_acuta_HIv2___RNAseq.g29675.t1	84	92	-	14.26	AGTCGTCAT
1-AGTCGTAAT	STREME-1	Pocillopora_acuta_HIv2___TS.g5308.t2	6	14	-	14.26	AGTCGTCAT
1-AGTCGTAAT	STREME-1	Pocillopora_acuta_HIv2___RNAseq.g25714.t1	314	322	+	14.26	AGTCGTCAT
1-AGTCGTAAT	STREME-1	Pocillopora_acuta_HIv2___RNAseq.g3780.t1	235	243	+	14.26	AGTCGTCAT
1-AGTCGTAAT	STREME-1	Pocillopora_acuta_HIv2___RNAseq.g22110.t1	250	258	-	14.26	AGTCGTCAT
1-AGTCGTAAT	STREME-1	Pocillopora_acuta_HIv2___RNAseq.g4350.t1	451	459	+	14.26	AGTCGTCAT
1-AGTCGTAAT	STREME-1	Pocillopora_acuta_HIv2___RNAseq.g21055.t1	317	325	-	13.61	AGTCGTAGT
1-AGTCGTAAT	STREME-1	Pocillopora_acuta_HIv2___RNAseq.g29446.t1	455	463	+	13.61	AGTCGTAGT
1-AGTCGTAAT	STREME-1	Pocillopora_acuta_HIv2___RNAseq.g9374.t1	178	186	-	13.24	AGGCGTAAT
1-AGTCGTAAT	STREME-1	Pocillopora_acuta_HIv2___RNAseq.g19083.t1	175	183	+	13.24	AGGCGTAAT
1-AGTCGTAAT	STREME-1	Pocillopora_acuta_HIv2___RNAseq.g31081.t1	141	149	+	13.24	AGGCGTAAT
1-AGTCGTAAT	STREME-1	Pocillopora_acuta_HIv2___RNAseq.20930_t	178	186	+	13.24	AGGCGTAAT
1-AGTCGTAAT	STREME-1	Pocillopora_acuta_HIv2___RNAseq.g26319.t1	403	411	+	13.24	AGTCGTATT
1-AGTCGTAAT	STREME-1	Pocillopora_acuta_HIv2___RNAseq.g12257.t1	236	244	-	13.24	AGTCGTATT
1-AGTCGTAAT	STREME-1	Pocillopora_acuta_HIv2___RNAseq.g12272.t1	479	487	-	13.24	AGTCGTATT
1-AGTCGTAAT	STREME-1	Pocillopora_acuta_HIv2___RNAseq.g12258.t1	236	244	-	13.24	AGTCGTATT
1-AGTCGTAAT	STREME-1	Pocillopora_acuta_HIv2___RNAseq.g21369.t1	93	101	+	13.24	AGTCGTATT
1-AGTCGTAAT	STREME-1	Pocillopora_acuta_HIv2___RNAseq.g26602.t1	47	55	-	13.15	AGTCGGAAT
1-AGTCGTAAT	STREME-1	Pocillopora_acuta_HIv2___RNAseq.g11876.t1	100	108	+	13.15	AGTCGGAAT
1-AGTCGTAAT	STREME-1	Pocillopora_acuta_HIv2___RNAseq.g20930.t1	199	207	+	13.15	AGTCGGAAT
1-AGTCGTAAT	STREME-1	Pocillopora_acuta_HIv2___RNAseq.g23533.t1	294	302	-	13.15	AGTCGGAAT
1-AGTCGTAAT	STREME-1	Pocillopora_acuta_HIv2___TS.g20605.t1	428	436	-	13.15	AGTCGGAAT
1-AGTCGTAAT	STREME-1	Pocillopora_acuta_HIv2___RNAseq.g14039.t2	54	62	+	13.10	AGTCGTACT
1-AGTCGTAAT	STREME-1	Pocillopora_acuta_HIv2___TS.g12848.t1	412	420	-	13.10	AGTCGTACT
#
2-AGCTCAAATTKATAG	STREME-2	Pocillopora_acuta_HIv2___RNAseq.21012_t	160	174	-	25.62	AGCTCAAATTGATAG
2-AGCTCAAATTKATAG	STREME-2	Pocillopora_acuta_HIv2___RNAseq.21015_t	160	174	-	25.62	AGCTCAAATTGATAG
2-AGCTCAAATTKATAG	STREME-2	Pocillopora_acuta_HIv2___TS.g20588.t1	57	71	+	24.40	AGCTCAAATTTATAG
2-AGCTCAAATTKATAG	STREME-2	Pocillopora_acuta_HIv2___RNAseq.g9084.t1	190	204	-	23.44	AGCTCAAATTGCTAG
2-AGCTCAAATTKATAG	STREME-2	Pocillopora_acuta_HIv2___RNAseq.g18290.t1	59	73	+	22.56	AGCTCTAATTTATAG
2-AGCTCAAATTKATAG	STREME-2	Pocillopora_acuta_HIv2___RNAseq.g14750.t1	178	192	+	20.69	AGCTCAAATTGATTA
2-AGCTCAAATTKATAG	STREME-2	Pocillopora_acuta_HIv2___RNAseq.g16928.t3	170	184	+	20.62	AGCTCGTATTAATAG
2-AGCTCAAATTKATAG	STREME-2	Pocillopora_acuta_HIv2___TS.g26645.t1	251	265	-	20.62	AGCTCAAATTGGTAT
2-AGCTCAAATTKATAG	STREME-2	Pocillopora_acuta_HIv2___TS.g8000.t1	235	249	-	20.37	AGCTCGAATTAATTG
2-AGCTCAAATTKATAG	STREME-2	Pocillopora_acuta_HIv2___RNAseq.g5181.t1	22	36	+	19.62	ATCTCAAATTCATAG
2-AGCTCAAATTKATAG	STREME-2	Pocillopora_acuta_HIv2___TS.g4503.t1	280	294	-	19.51	AGCTCAAATTTGTAA
#
3-CTGATTGAAACA	STREME-3	Pocillopora_acuta_HIv2___RNAseq.g9084.t1	479	490	+	21.12	CTGATTGAAACA
3-CTGATTGAAACA	STREME-3	Pocillopora_acuta_HIv2___RNAseq.g9085.t1	111	122	+	21.12	CTGATTGAAACA
3-CTGATTGAAACA	STREME-3	Pocillopora_acuta_HIv2___RNAseq.g14837.t1	9	20	-	21.12	CTGATTGAAACA
3-CTGATTGAAACA	STREME-3	Pocillopora_acuta_HIv2___RNAseq.21012_t	443	454	+	21.12	CTGATTGAAACA
3-CTGATTGAAACA	STREME-3	Pocillopora_acuta_HIv2___RNAseq.21015_t	443	454	+	21.12	CTGATTGAAACA
3-CTGATTGAAACA	STREME-3	Pocillopora_acuta_HIv2___RNAseq.g8588.t1	244	255	-	19.44	CTGATTGAAACT
3-CTGATTGAAACA	STREME-3	Pocillopora_acuta_HIv2___RNAseq.g8922.t1	477	488	+	19.44	CTGATTGAAACT
3-CTGATTGAAACA	STREME-3	Pocillopora_acuta_HIv2___RNAseq.g22336.t1b	224	235	-	19.06	CTGACTGAAACA
3-CTGATTGAAACA	STREME-3	Pocillopora_acuta_HIv2___TS.g10825.t1	81	92	+	18.81	CTAATTGAAACA
3-CTGATTGAAACA	STREME-3	Pocillopora_acuta_HIv2___RNAseq.g565.t1	237	248	-	18.81	CTAATTGAAACA
3-CTGATTGAAACA	STREME-3	Pocillopora_acuta_HIv2___TS.g4495.t1	135	146	+	18.32	CTGAGTGAAACA
#
4-GACCCTGCCRAT	STREME-4	Pocillopora_acuta_HIv2___RNAseq.g17105.t1	460	471	+	20.92	GACCCTGCCACT
4-GACCCTGCCRAT	STREME-4	Pocillopora_acuta_HIv2___RNAseq.g22142.t1	73	84	-	20.19	GACCCTGCCAGG
4-GACCCTGCCRAT	STREME-4	Pocillopora_acuta_HIv2___RNAseq.g16302.t1a	73	84	-	20.19	GACCCTGCCAGG
4-GACCCTGCCRAT	STREME-4	Pocillopora_acuta_HIv2___RNAseq.g6231.t1	73	84	-	20.19	GACCCTGCCAGG
4-GACCCTGCCRAT	STREME-4	Pocillopora_acuta_HIv2___RNAseq.g23492.t1	417	428	+	20.19	GACCCTGCCAGG
4-GACCCTGCCRAT	STREME-4	Pocillopora_acuta_HIv2___RNAseq.g9253.t1	332	343	-	19.06	GACCCTTCCGAT
4-GACCCTGCCRAT	STREME-4	Pocillopora_acuta_HIv2___RNAseq.g3610.t1	255	266	+	18.61	GACCCTGCCGAA
4-GACCCTGCCRAT	STREME-4	Pocillopora_acuta_HIv2___RNAseq.g8922.t1	276	287	+	18.37	GACCCTGACGAT
4-GACCCTGCCRAT	STREME-4	Pocillopora_acuta_HIv2___RNAseq.g21224.t1	72	83	+	18.16	GATCCTGCCGAT
4-GACCCTGCCRAT	STREME-4	Pocillopora_acuta_HIv2___TS.g13451.t1	134	145	+	18.08	TACCCTGCCACT
4-GACCCTGCCRAT	STREME-4	Pocillopora_acuta_HIv2___RNAseq.g8901.t1	161	172	-	17.34	GACCCAGCCACT
4-GACCCTGCCRAT	STREME-4	Pocillopora_acuta_HIv2___RNAseq.g21198.t2	180	191	-	16.89	TACCCTGCCCAT
4-GACCCTGCCRAT	STREME-4	Pocillopora_acuta_HIv2___RNAseq.g28809.t1	465	476	-	16.55	GACCCTTCCTAT
