Fragment,Tissue,Library ID,Pool ID,Library Type,Size Including Adapters (bp) ,Volume (μL),Concentration (ng/μL),QC Method,Index ID (i7) or Barcode 1,Index Sequence (i7),Index ID (i5) or Barcode 2,Index Sequence (i5),Desired Lane,Pooling % or Pooling MR,Custom Read1 Primer Sequence,Custom Read2 Primer Sequence,Custom Index Primer Sequence,Buffer,Method Used to Construct Library,Group,Comment
A,Aboral,LCM_1,,Zymo-Seq Trio WGBS Library Kit,650,30,6.09,D5000 Tapestation,UDI_08,TGGATCGA,UDI_08,TATCGCAC,,equimolar,,,GTGCGATA,Zymo DNA Elution Buffer,Zymo-Seq Trio WGBS Library Kit,,"NOTE ON INDECES: Indexes are from Zymo-Seq UDI Primer Set (Indexes 1-12); i5 bases listed are for NovaSeq 6000 v1.5 reagent kits. If the v1 reagent kit is used, the i5 bases are listed in ""Custom index primer sequence"" "
A,OralEpi,LCM_3,,Zymo-Seq Trio WGBS Library Kit,584,30,2.82,D5000 Tapestation,UDI_06,GCTTGTCA,UDI_06,GTATGTTC,,equimolar,,,GAACATAC,Zymo DNA Elution Buffer,Zymo-Seq Trio WGBS Library Kit,,
B,OralEpi,LCM_11,,Zymo-Seq Trio WGBS Library Kit,592,30,4.24,D5000 Tapestation,UDI_07,CAAGCTAG,UDI_07,CGCTATGT,,equimolar,,,ACATAGCG,Zymo DNA Elution Buffer,Zymo-Seq Trio WGBS Library Kit,,
B,Aboral,LCM_12,,Zymo-Seq Trio WGBS Library Kit,570,30,4.63,D5000 Tapestation,UDI_11,TCTCTACT,UDI_11,GAACCGCG,,equimolar,,,CGCGGTTC,Zymo DNA Elution Buffer,Zymo-Seq Trio WGBS Library Kit,,
C,OralEpi,LCM_24,,Zymo-Seq Trio WGBS Library Kit,591,30,9.33,D5000 Tapestation,UDI_10,GACCTGAA,UDI_10,CTCACCAA,,equimolar,,,TTGGTGAG,Zymo DNA Elution Buffer,Zymo-Seq Trio WGBS Library Kit,,
C,Aboral,LCM_25,,Zymo-Seq Trio WGBS Library Kit,565,30,5.36,D5000 Tapestation,UDI_09,AGTTCAGG,UDI_09,TCTGTTGG,,equimolar,,,CCAACAGA,Zymo DNA Elution Buffer,Zymo-Seq Trio WGBS Library Kit,,
D,OralEpi,LCM_17,,Zymo-Seq Trio WGBS Library Kit,520,30,23.1,D5000 Tapestation,UDI_01,CCGCGGTT,UDI_01,CTAGCGCT,,equimolar,,,AGCGCTAG,Zymo DNA Elution Buffer,Zymo-Seq Trio WGBS Library Kit,,
D,Aboral,LCM_18,,Zymo-Seq Trio WGBS Library Kit,535,30,21,D5000 Tapestation,UDI_02,TTATAACC,UDI_02,TCGATATC,,equimolar,,,GATATCGA,Zymo DNA Elution Buffer,Zymo-Seq Trio WGBS Library Kit,,
E,OralEpi,LCM_32,,Zymo-Seq Trio WGBS Library Kit,589,30,21.6,D5000 Tapestation,UDI_04,AAGTCCAA,UDI_04,TACTCATA,,equimolar,,,TATGAGTA,Zymo DNA Elution Buffer,Zymo-Seq Trio WGBS Library Kit,,
E,Aboral,LCM_33,,Zymo-Seq Trio WGBS Library Kit,669,30,12.5,D5000 Tapestation,UDI_05,ATCCACTG,UDI_05,ACGCACCT,,equimolar,,,AGGTGCGT,Zymo DNA Elution Buffer,Zymo-Seq Trio WGBS Library Kit,,