Query_ID	Target_ID	Optimal_offset	p-value	E-value	q-value	Overlap	Query_consensus	Target_consensus	Orientation
TGTGTATAGCCCTGTATAGCYGTGT	MA1726.1	-9	0.00304071	5.94764	1	14	TGTGTATAGCCCTGTATAGCTGTGT	CCCTGCAGAGCCCT	+
TGTGTATAGCCCTGTATAGCYGTGT	MA1602.1	-10	0.00497772	9.73641	1	12	TGTGTATAGCCCTGTATAGCTGTGT	CCCGTGTAGACG	-
CYCYCCCCCCCCCCCCCCCCC	MA1890.1	1	2.11146e-10	4.13001e-07	8.15935e-07	21	CCCCCCCCCCCCCCCCCCCCC	CCCCCCCCACGCCCCCCCCCCC	+
CYCYCCCCCCCCCCCCCCCCC	MA1893.1	0	9.83412e-08	0.000192355	0.000190011	20	CCCCCCCCCCCCCCCCCCCCC	CCCCGCCACGCCCACCCCCC	+
CYCYCCCCCCCCCCCCCCCCC	MA1892.1	0	1.68552e-07	0.000329688	0.000217113	20	CCCCCCCCCCCCCCCCCCCCC	CCCCGCCACGCCCACCCCCC	+
CYCYCCCCCCCCCCCCCCCCC	MA0073.1	0	1.39242e-06	0.00272357	0.00134519	20	CCCCCCCCCCCCCCCCCCCCC	CCCCAAACCACCCCCCCCCA	+
CYCYCCCCCCCCCCCCCCCCC	MA1653.1	-5	1.79215e-06	0.00350544	0.00138509	12	CCCCCCCCCCCCCCCCCCCCC	CCCCCCTCCCCC	+
CYCYCCCCCCCCCCCCCCCCC	MA1630.2	-2	5.90615e-06	0.0115524	0.00380388	12	CCCCCCCCCCCCCCCCCCCCC	CTCCCCTCCCCC	-
CYCYCCCCCCCCCCCCCCCCC	MA0753.2	-7	8.03415e-06	0.0157148	0.00443522	13	CCCCCCCCCCCCCCCCCCCCC	CCGCCCCCCCCAC	+
CYCYCCCCCCCCCCCCCCCCC	MA1627.1	-7	1.50754e-05	0.0294874	0.00679519	14	CCCCCCCCCCCCCCCCCCCCC	CCCCTCCCCCACAC	+
CYCYCCCCCCCCCCCCCCCCC	MA1961.1	-4	1.70753e-05	0.0333992	0.00679519	12	CCCCCCCCCCCCCCCCCCCCC	CCCCCGCCCCCC	-
CYCYCCCCCCCCCCCCCCCCC	MA1522.1	-4	1.75844e-05	0.0343951	0.00679519	11	CCCCCCCCCCCCCCCCCCCCC	CGCCCCTCCCC	+
CYCYCCCCCCCCCCCCCCCCC	MA0528.2	-5	2.86359e-05	0.0560118	0.00941214	12	CCCCCCCCCCCCCCCCCCCCC	CCTCCTCCCCCC	-
CYCYCCCCCCCCCCCCCCCCC	MA1965.1	-6	2.92278e-05	0.0571696	0.00941214	10	CCCCCCCCCCCCCCCCCCCCC	CCCCTCCCCC	+
CYCYCCCCCCCCCCCCCCCCC	MA1723.1	4	5.56046e-05	0.108763	0.0165288	20	CCCCCCCCCCCCCCCCCCCCC	CCTTCTGCTTCCTCCCTGCCCACC	-
CYCYCCCCCCCCCCCCCCCCC	MA1891.1	0	8.6558e-05	0.169307	0.0220607	20	CCCCCCCCCCCCCCCCCCCCC	CCCTGCCACGCCCAAACCCC	+
CYCYCCCCCCCCCCCCCCCCC	MA0471.2	0	8.93406e-05	0.17475	0.0220607	13	CCCCCCCCCCCCCCCCCCCCC	CCTTCCCGCCCCC	-
CYCYCCCCCCCCCCCCCCCCC	MA0039.4	-4	9.13412e-05	0.178663	0.0220607	12	CCCCCCCCCCCCCCCCCCCCC	CGCCCCACCCCC	+
CYCYCCCCCCCCCCCCCCCCC	MA1513.1	-4	0.000107363	0.210001	0.0239579	11	CCCCCCCCCCCCCCCCCCCCC	GCCCCGCCCCC	+
CYCYCCCCCCCCCCCCCCCCC	MA0079.5	-7	0.000130195	0.254662	0.0239579	9	CCCCCCCCCCCCCCCCCCCCC	CCCCGCCCC	-
CYCYCCCCCCCCCCCCCCCCC	MA0516.3	-7	0.000130195	0.254662	0.0239579	9	CCCCCCCCCCCCCCCCCCCCC	CCCCGCCCC	-
CYCYCCCCCCCCCCCCCCCCC	MA0685.2	-7	0.000130195	0.254662	0.0239579	9	CCCCCCCCCCCCCCCCCCCCC	CCCCGCCCC	-
CYCYCCCCCCCCCCCCCCCCC	MA0742.2	-7	0.000130195	0.254662	0.0239579	9	CCCCCCCCCCCCCCCCCCCCC	CCCCGCCCC	-
CYCYCCCCCCCCCCCCCCCCC	MA0576.1	-6	0.000172001	0.336435	0.0302122	13	CCCCCCCCCCCCCCCCCCCCC	CCACCTACCCCCC	-
CYCYCCCCCCCCCCCCCCCCC	MA1914.1	0	0.000181117	0.354265	0.0304302	20	CCCCCCCCCCCCCCCCCCCCC	CCCCATGCACCTGCCCCCCC	+
CYCYCCCCCCCCCCCCCCCCC	MA1652.1	0	0.000192502	0.376534	0.0308721	14	CCCCCCCCCCCCCCCCCCCCC	TTCTCACCTCCTCC	-
CYCYCCCCCCCCCCCCCCCCC	MA1511.2	-7	0.000199726	0.390663	0.0308721	9	CCCCCCCCCCCCCCCCCCCCC	CCCCGCCCC	-
CYCYCCCCCCCCCCCCCCCCC	MA0740.2	-7	0.000245241	0.479692	0.0364496	9	CCCCCCCCCCCCCCCCCCCCC	CCCCGCCCC	-
CYCYCCCCCCCCCCCCCCCCC	MA1107.2	-4	0.000264453	0.51727	0.0378493	16	CCCCCCCCCCCCCCCCCCCCC	CAGCCACACCCACCCC	+
CYCYCCCCCCCCCCCCCCCCC	MA1959.1	-7	0.000328794	0.643122	0.0453774	9	CCCCCCCCCCCCCCCCCCCCC	CCCCGCCCC	-
CYCYCCCCCCCCCCCCCCCCC	MA1404.1	3	0.00036141	0.706917	0.0481587	21	CCCCCCCCCCCCCCCCCCCCC	TCTCTCTCTCTCTCTCTCTCTCTC	-
CYCYCCCCCCCCCCCCCCCCC	MA1987.1	0	0.00041675	0.815164	0.0536819	21	CCCCCCCCCCCCCCCCCCCCC	CCCTTCCCCCCTTTGGTGCTC	-
CYCYCCCCCCCCCCCCCCCCC	MA1402.1	0	0.000487417	0.953388	0.06013	21	CCCCCCCCCCCCCCCCCCCCC	CTCTCTCTCTCTCTCTCTCTC	+
CYCYCCCCCCCCCCCCCCCCC	MA1919.1	1	0.00049793	0.973951	0.06013	21	CCCCCCCCCCCCCCCCCCCCC	GCCCAATTTCACACCTCCCCCC	-
CYCYCCCCCCCCCCCCCCCCC	MA1713.1	-5	0.000547285	1.07049	0.0640875	14	CCCCCCCCCCCCCCCCCCCCC	CCCGCCGCTCCCCC	+
CYCYCCCCCCCCCCCCCCCCC	MA1981.1	-3	0.000582196	1.13878	0.0643204	18	CCCCCCCCCCCCCCCCCCCCC	TCCCGCCCCTTTCCTTTC	-
CYCYCCCCCCCCCCCCCCCCC	MA0162.4	-7	0.000583006	1.14036	0.0643204	14	CCCCCCCCCCCCCCCCCCCCC	CCACGCCCACGCCC	+
CYCYCCCCCCCCCCCCCCCCC	MA1976.1	6	0.000605327	1.18402	0.0643204	21	CCCCCCCCCCCCCCCCCCCCC	CACTCGCACAGGCCCCCGGGCCCCCCT	-
CYCYCCCCCCCCCCCCCCCCC	MA1564.1	-4	0.000615853	1.20461	0.0643204	12	CCCCCCCCCCCCCCCCCCCCC	GCCACGCCCCCC	+
CYCYCCCCCCCCCCCCCCCCC	MA1257.1	-1	0.000773894	1.51374	0.0786993	20	CCCCCCCCCCCCCCCCCCCCC	CCGCCGCCGCCACCGCCGCCG	-
CYCYCCCCCCCCCCCCCCCCC	MA0443.1	-8	0.000805888	1.57632	0.0798515	10	CCCCCCCCCCCCCCCCCCCCC	TCCGCCCCCT	-
CYCYCCCCCCCCCCCCCCCCC	MA2022.1	-4	0.00083579	1.63481	0.080744	17	CCCCCCCCCCCCCCCCCCCCC	CCGCCGCCGCCGCCGCC	+
CYCYCCCCCCCCCCCCCCCCC	MA0493.2	-7	0.000890392	1.74161	0.0839088	9	CCCCCCCCCCCCCCCCCCCCC	CCCCGCCCC	-
CYCYCCCCCCCCCCCCCCCCC	MA1833.1	-5	0.000911977	1.78383	0.0839088	16	CCCCCCCCCCCCCCCCCCCCC	CGCCGCCGCCGCCGCC	+
CYCYCCCCCCCCCCCCCCCCC	MA0149.1	0	0.00105771	2.06887	0.0950538	18	CCCCCCCCCCCCCCCCCCCCC	CCTTCCTTCCTTCCTTCC	-
CYCYCCCCCCCCCCCCCCCCC	MA0746.2	-5	0.00120628	2.35948	0.104924	13	CCCCCCCCCCCCCCCCCCCCC	GGCCACGCCCACC	+
CYCYCCCCCCCCCCCCCCCCC	MA1248.1	-1	0.00122184	2.38991	0.104924	20	CCCCCCCCCCCCCCCCCCCCC	CCACCACCACCTCCACCGAC	+
CYCYCCCCCCCCCCCCCCCCC	MA1403.1	4	0.00155435	3.04032	0.130577	21	CCCCCCCCCCCCCCCCCCCCC	CTCTCTCTCTCTCTCTCTCTCTCTCTCTCT	-
CYCYCCCCCCCCCCCCCCCCC	MA1246.1	1	0.00163092	3.19008	0.134066	20	CCCCCCCCCCCCCCCCCCCCC	TCCGCCGCCGCCACCGCCGCC	+
CYCYCCCCCCCCCCCCCCCCC	MA1768.1	-6	0.00166527	3.25727	0.134066	15	CCCCCCCCCCCCCCCCCCCCC	TTCCCAACCACCAAC	+
CYCYCCCCCCCCCCCCCCCCC	MA1578.1	-9	0.00186683	3.65151	0.147225	10	CCCCCCCCCCCCCCCCCCCCC	CCCCCCACTT	+
CYCYCCCCCCCCCCCCCCCCC	MA1262.1	-1	0.00197927	3.87145	0.152971	20	CCCCCCCCCCCCCCCCCCCCC	CCGCCGCCTCCGCCGCCGCCA	+
CYCYCCCCCCCCCCCCCCCCC	MA0741.1	-4	0.00213148	4.16917	0.161504	11	CCCCCCCCCCCCCCCCCCCCC	GCCACGCCCCC	+
CYCYCCCCCCCCCCCCCCCCC	MA2042.1	0	0.00220203	4.30717	0.163641	17	CCCCCCCCCCCCCCCCCCCCC	ATCTCCACCAACCCCAA	+
CYCYCCCCCCCCCCCCCCCCC	MA1781.1	0	0.00248283	4.85642	0.181028	19	CCCCCCCCCCCCCCCCCCCCC	ATTTCCCAACTACCTTCTA	+
CYCYCCCCCCCCCCCCCCCCC	MA1754.1	-1	0.00276299	5.40441	0.197724	20	CCCCCCCCCCCCCCCCCCCCC	CCACCGCCGCCGCCATTTCCG	+
CYCYCCCCCCCCCCCCCCCCC	MA1232.1	-1	0.00281664	5.50934	0.197898	20	CCCCCCCCCCCCCCCCCCCCC	CCACCACCGCCTCCACCGCC	-
CYCYCCCCCCCCCCCCCCCCC	MA1514.1	-4	0.00306655	5.99817	0.21161	15	CCCCCCCCCCCCCCCCCCCCC	CACCACGCACCCCTT	+
CYCYCCCCCCCCCCCCCCCCC	MA0747.1	-6	0.00336959	6.59092	0.225926	12	CCCCCCCCCCCCCCCCCCCCC	GCCACGCCCACT	+
CYCYCCCCCCCCCCCCCCCCC	MA1832.1	-5	0.00339094	6.63268	0.225926	11	CCCCCCCCCCCCCCCCCCCCC	CCGCCGCCGCC	+
CYCYCCCCCCCCCCCCCCCCC	MA1256.1	-1	0.00349235	6.83103	0.228738	20	CCCCCCCCCCCCCCCCCCCCC	CCTCCGCCGCCATTTCCGCCG	-
CYCYCCCCCCCCCCCCCCCCC	MA1817.1	-4	0.00380785	7.44816	0.245198	13	CCCCCCCCCCCCCCCCCCCCC	CCGCCGCCGCCGC	+
CYCYCCCCCCCCCCCCCCCCC	MA2030.1	0	0.00387056	7.57081	0.245198	17	CCCCCCCCCCCCCCCCCCCCC	AACTCCCAACTACCAAC	+
CYCYCCCCCCCCCCCCCCCCC	MA1258.1	-1	0.00401296	7.84934	0.250119	20	CCCCCCCCCCCCCCCCCCCCC	CCACCTCCACCGACATAACCA	-
CYCYCCCCCCCCCCCCCCCCC	MA1821.1	-5	0.0041194	8.05754	0.252677	11	CCCCCCCCCCCCCCCCCCCCC	CCGCCGCCGCC	-
CYCYCCCCCCCCCCCCCCCCC	MA1284.1	6	0.00423993	8.29331	0.256007	21	CCCCCCCCCCCCCCCCCCCCC	AGTGGGCCCCACCTCCTCTCTTGGGCCTAT	+
CYCYCCCCCCCCCCCCCCCCC	MA0732.1	-2	0.00470695	9.2068	0.27967	15	CCCCCCCCCCCCCCCCCCCCC	CTACGCCCACGCACT	+
CYCYCCCCCCCCCCCCCCCCC	MA0163.1	-5	0.00484338	9.47364	0.27967	14	CCCCCCCCCCCCCCCCCCCCC	CCCCCTTGGGCCCC	-
CYCYCCCCCCCCCCCCCCCCC	MA0599.1	-6	0.00484894	9.48452	0.27967	10	CCCCCCCCCCCCCCCCCCCCC	GCCCCGCCCC	+
CYCYCCCCCCCCCCCCCCCCC	MA1240.1	1	0.00504524	9.86849	0.286712	20	CCCCCCCCCCCCCCCCCCCCC	TCCACCGCCTCCGCCGCCGCC	+
TTYYTTTBTTTTTTTTTTTTT	MA1281.1	0	1.75929e-09	3.44117e-06	3.44453e-06	21	TTTTTTTGTTTTTTTTTTTTT	TTTTTTTTTTTTTACTTTTTT	-
TTYYTTTBTTTTTTTTTTTTT	MA1268.1	7	1.78088e-09	3.48341e-06	3.44453e-06	20	TTTTTTTGTTTTTTTTTTTTT	TTTTCACTTTTTCTTTTTTTTTTTTTT	+
TTYYTTTBTTTTTTTTTTTTT	MA1274.1	0	3.81085e-09	7.45402e-06	4.91389e-06	21	TTTTTTTGTTTTTTTTTTTTT	TTTACTTTTTTTTTTTTTTTT	+
TTYYTTTBTTTTTTTTTTTTT	MA1267.1	6	1.6521e-08	3.23151e-05	1.59772e-05	21	TTTTTTTGTTTTTTTTTTTTT	TTTTTTTTTTTTTTTACTTTTTTTTTTTT	+
TTYYTTTBTTTTTTTTTTTTT	MA1277.1	0	2.77409e-08	5.42612e-05	2.12279e-05	21	TTTTTTTGTTTTTTTTTTTTT	TTTTTTTTACTTTTTCTTTTT	-
TTYYTTTBTTTTTTTTTTTTT	MA1278.1	0	3.29256e-08	6.44025e-05	2.12279e-05	21	TTTTTTTGTTTTTTTTTTTTT	TTTTTTTTTTTTTTACTTTTT	+
TTYYTTTBTTTTTTTTTTTTT	MA1871.1	-1	4.30875e-08	8.42792e-05	2.3811e-05	20	TTTTTTTGTTTTTTTTTTTTT	TTTTTTTTTGTTTTTTTTTT	-
TTYYTTTBTTTTTTTTTTTTT	MA1279.1	-1	7.61417e-08	0.000148933	3.68178e-05	20	TTTTTTTGTTTTTTTTTTTTT	TTTTCACTTTTTCTTTTTTTT	-
TTYYTTTBTTTTTTTTTTTTT	MA1273.1	-1	7.52855e-07	0.00147258	0.000323589	19	TTTTTTTGTTTTTTTTTTTTT	TTTTTTGCCTTTTTTTTTT	-
TTYYTTTBTTTTTTTTTTTTT	MA1866.1	-1	1.55108e-06	0.00303391	0.000600011	20	TTTTTTTGTTTTTTTTTTTTT	TTTTTGTTTGTTTTTTTTTT	-
TTYYTTTBTTTTTTTTTTTTT	MA1158.1	0	4.30401e-06	0.00841864	0.00151358	20	TTTTTTTGTTTTTTTTTTTTT	TTTTTTTTTGTCGTTTTCTG	-
TTYYTTTBTTTTTTTTTTTTT	MA1823.1	-9	5.79452e-06	0.0113341	0.00186793	12	TTTTTTTGTTTTTTTTTTTTT	TTTTTTCTTTTT	-
TTYYTTTBTTTTTTTTTTTTT	MA1156.1	0	9.27348e-06	0.0181389	0.00275946	20	TTTTTTTGTTTTTTTTTTTTT	TTTTTTTTTGTCGTTTTCTG	+
TTYYTTTBTTTTTTTTTTTTT	MA1159.1	-2	1.2244e-05	0.0239492	0.00338313	15	TTTTTTTGTTTTTTTTTTTTT	TTTTTGTCTTTTTTT	-
TTYYTTTBTTTTTTTTTTTTT	MA1157.1	0	1.39292e-05	0.0272454	0.00359218	20	TTTTTTTGTTTTTTTTTTTTT	TTTTTTTTTGTCGTTTTGTG	+
TTYYTTTBTTTTTTTTTTTTT	MA1917.1	3	1.59232e-05	0.0311458	0.00384977	17	TTTTTTTGTTTTTTTTTTTTT	AAATTTTATTGTTTTTTTTT	+
TTYYTTTBTTTTTTTTTTTTT	MA1870.1	1	1.70191e-05	0.0332893	0.00387268	19	TTTTTTTGTTTTTTTTTTTTT	TTTTGTTTGTTTATTTTTTT	-
TTYYTTTBTTTTTTTTTTTTT	MA1125.1	-9	1.8341e-05	0.0358751	0.00394164	12	TTTTTTTGTTTTTTTTTTTTT	TTTTTTTTTAAA	-
TTYYTTTBTTTTTTTTTTTTT	MA1862.1	1	1.94292e-05	0.0380036	0.00395573	19	TTTTTTTGTTTTTTTTTTTTT	TTTTTTTTGTTTATTTATTT	+
TTYYTTTBTTTTTTTTTTTTT	MA1869.1	0	2.2161e-05	0.0433468	0.00428631	20	TTTTTTTGTTTTTTTTTTTTT	TTTTTTTTGTTTATTTTTTT	+
TTYYTTTBTTTTTTTTTTTTT	MA1160.1	0	2.69506e-05	0.0527153	0.00496447	20	TTTTTTTGTTTTTTTTTTTTT	TTTTTTTTTGTCGTTTTGTG	+
TTYYTTTBTTTTTTTTTTTTT	MA1863.1	2	2.87544e-05	0.0562435	0.00505598	18	TTTTTTTGTTTTTTTTTTTTT	TTTTTTTTTGTTTTTTTAGT	+
TTYYTTTBTTTTTTTTTTTTT	MA1916.1	3	3.27109e-05	0.0639825	0.00550161	17	TTTTTTTGTTTTTTTTTTTTT	AAATTCTATTGTTTTTTTTT	+
TTYYTTTBTTTTTTTTTTTTT	MA1374.1	0	4.88676e-05	0.0955851	0.00787653	18	TTTTTTTGTTTTTTTTTTTTT	TTTTTTTGTCGTTTTGTG	-
TTYYTTTBTTTTTTTTTTTTT	MA1865.1	1	5.10195e-05	0.0997942	0.00789444	19	TTTTTTTGTTTTTTTTTTTTT	TTTTGTTTGTTTGTTTTTTT	+
TTYYTTTBTTTTTTTTTTTTT	MA1270.1	-1	6.49869e-05	0.127114	0.0096689	19	TTTTTTTGTTTTTTTTTTTTT	TTTACTTTTTGCTTTTTTT	+
TTYYTTTBTTTTTTTTTTTTT	MA1371.1	-1	0.00015004	0.293479	0.0214965	17	TTTTTTTGTTTTTTTTTTTTT	TTTTTTGTCGTTTTGTG	-
TTYYTTTBTTTTTTTTTTTTT	MA0277.1	-8	0.00016628	0.325243	0.0229724	9	TTTTTTTGTTTTTTTTTTTTT	TTTCTTTTT	-
TTYYTTTBTTTTTTTTTTTTT	MA1918.1	3	0.000244049	0.47736	0.032554	17	TTTTTTTGTTTTTTTTTTTTT	AAATACCATTGTTTTTTTTT	+
TTYYTTTBTTTTTTTTTTTTT	MA1873.1	0	0.000258524	0.505673	0.0333353	20	TTTTTTTGTTTTTTTTTTTTT	TTTTATTGTTTATATATTTT	+
TTYYTTTBTTTTTTTTTTTTT	MA1864.1	0	0.000306963	0.60042	0.0383044	20	TTTTTTTGTTTTTTTTTTTTT	TTTTGTTTATTTATTTATAT	-
TTYYTTTBTTTTTTTTTTTTT	MA0679.2	1	0.000414878	0.811502	0.0491366	15	TTTTTTTGTTTTTTTTTTTTT	TATTTATTGATTTTTT	-
TTYYTTTBTTTTTTTTTTTTT	MA0558.1	0	0.000419174	0.819905	0.0491366	21	TTTTTTTGTTTTTTTTTTTTT	TTCTTTCTATTTTTGGAAATT	-
TTYYTTTBTTTTTTTTTTTTT	MA1699.1	0	0.000442521	0.86557	0.0503477	16	TTTTTTTGTTTTTTTTTTTTT	AATTATCGATTTTTTT	-
TTYYTTTBTTTTTTTTTTTTT	MA0555.1	0	0.000481348	0.941517	0.0532006	20	TTTTTTTGTTTTTTTTTTTTT	TTCTTTCCTTTTTTGGTAAT	-
TTYYTTTBTTTTTTTTTTTTT	MA1857.1	-1	0.000568109	1.11122	0.0610455	20	TTTTTTTGTTTTTTTTTTTTT	TTTTCATTTCCGGTTTTTTT	-
TTYYTTTBTTTTTTTTTTTTT	MA1317.1	-3	0.000625976	1.22441	0.0654373	13	TTTTTTTGTTTTTTTTTTTTT	CTTTGACTTTTTT	+
TTYYTTTBTTTTTTTTTTTTT	MA1989.1	0	0.000642812	1.25734	0.0654373	14	TTTTTTTGTTTTTTTTTTTTT	TTCTTGTGGTTTTT	-
TTYYTTTBTTTTTTTTTTTTT	MA1623.1	-6	0.000672855	1.3161	0.0667393	13	TTTTTTTGTTTTTTTTTTTTT	AGTTTCTGTTTCT	-
TTYYTTTBTTTTTTTTTTTTT	MA0377.1	1	0.000715248	1.39903	0.0691706	20	TTTTTTTGTTTTTTTTTTTTT	TTTTATTTCTTCTATTCTCTA	-
TTYYTTTBTTTTTTTTTTTTT	MA0559.1	-3	0.000736765	1.44111	0.0695137	14	TTTTTTTGTTTTTTTTTTTTT	TTTTCCTTTTTTGG	-
TTYYTTTBTTTTTTTTTTTTT	MA1853.1	1	0.000831194	1.62581	0.0758794	19	TTTTTTTGTTTTTTTTTTTTT	TTTTTTCACTTCCGGTTTCC	-
TTYYTTTBTTTTTTTTTTTTT	MA0757.1	-1	0.000843466	1.64982	0.0758794	14	TTTTTTTGTTTTTTTTTTTTT	ATTATTGATTTTTT	-
TTYYTTTBTTTTTTTTTTTTT	MA0554.1	-8	0.000907869	1.77579	0.079817	13	TTTTTTTGTTTTTTTTTTTTT	TTTTTCCATTTTTGG	+
TTYYTTTBTTTTTTTTTTTTT	MA1087.2	-1	0.000967982	1.89337	0.0832108	15	TTTTTTTGTTTTTTTTTTTTT	ATCGTTGACTTTTTT	-
TTYYTTTBTTTTTTTTTTTTT	MA0851.1	-5	0.00109638	2.14452	0.0921993	16	TTTTTTTGTTTTTTTTTTTTT	GTGTTTGTTTACTTTTT	-
TTYYTTTBTTTTTTTTTTTTT	MA0442.2	-1	0.00148659	2.90777	0.122354	11	TTTTTTTGTTTTTTTTTTTTT	TTCTTTGTTTT	-
TTYYTTTBTTTTTTTTTTTTT	MA1370.1	0	0.00181846	3.55691	0.14607	16	TTTTTTTGTTTTTTTTTTTTT	TTTTTGTCGTTTTGTG	+
TTYYTTTBTTTTTTTTTTTTT	MA1440.1	-9	0.00187855	3.67444	0.14607	8	TTTTTTTGTTTTTTTTTTTTT	TTGTTTTT	-
TTYYTTTBTTTTTTTTTTTTT	MA0940.1	-4	0.00188802	3.69297	0.14607	13	TTTTTTTGTTTTTTTTTTTTT	TTTCCTTTTTTGG	-
TTYYTTTBTTTTTTTTTTTTT	MA0041.2	-4	0.00192783	3.77083	0.146225	16	TTTTTTTGTTTTTTTTTTTTT	ATTGTTTATTTACTTT	-
TTYYTTTBTTTTTTTTTTTTT	MA0537.1	-3	0.00199655	3.90525	0.148526	11	TTTTTTTGTTTTTTTTTTTTT	TTTTCACTTTT	-
TTYYTTTBTTTTTTTTTTTTT	MA1366.1	-5	0.00257174	5.03032	0.187705	16	TTTTTTTGTTTTTTTTTTTTT	TTTATTTTTTTACCGT	-
TTYYTTTBTTTTTTTTTTTTT	MA1280.1	-8	0.00271602	5.31253	0.194564	13	TTTTTTTGTTTTTTTTTTTTT	TTTTTAACTTTTTG	-
TTYYTTTBTTTTTTTTTTTTT	MA1193.1	0	0.00279906	5.47496	0.196868	21	TTTTTTTGTTTTTTTTTTTTT	CTTATCCTTATCCAATTTTTT	-
TTYYTTTBTTTTTTTTTTTTT	MA1094.2	0	0.00322398	6.30611	0.222705	16	TTTTTTTGTTTTTTTTTTTTT	AATCGTTGACTTTTTT	-
TTYYTTTBTTTTTTTTTTTTT	MA1315.1	-2	0.00369139	7.22035	0.250518	14	TTTTTTTGTTTTTTTTTTTTT	TCGTTGACTTTTTT	+
TTYYTTTBTTTTTTTTTTTTT	MA0465.2	-9	0.00389201	7.61278	0.25958	12	TTTTTTTGTTTTTTTTTTTTT	TTTTTATTGCTT	-
TTYYTTTBTTTTTTTTTTTTT	MA1867.1	-4	0.00426108	8.33467	0.279378	17	TTTTTTTGTTTTTTTTTTTTT	TTTTTTTTGTTTACATAACA	+
TTYYTTTBTTTTTTTTTTTTT	MA1184.1	-4	0.00441879	8.64316	0.281707	14	TTTTTTTGTTTTTTTTTTTTT	TAAGATATTTTTTT	-
TTYYTTTBTTTTTTTTTTTTT	MA1205.1	0	0.00444224	8.68903	0.281707	19	TTTTTTTGTTTTTTTTTTTTT	TTTTTTCCTTTTTTGGAAA	-
TTYYTTTBTTTTTTTTTTTTT	MA0010.1	-7	0.00468859	9.17088	0.292533	14	TTTTTTTGTTTTTTTTTTTTT	GATTTGTTTATTAC	-
TTYYTTTBTTTTTTTTTTTTT	MA1688.1	-1	0.00497318	9.72754	0.305364	14	TTTTTTTGTTTTTTTTTTTTT	TTTCTTGTCTTGTT	-
CTGGGTGACCTGAGTCAGGCAAAGG	MA1448.1	-10	5.41127e-05	0.105845	0.211665	7	CTGGGTGACCTGAGTCAGGCAAAGG	TGAGTCA	-
CTGGGTGACCTGAGTCAGGCAAAGG	MA1575.1	-4	0.000137979	0.269887	0.269857	19	CTGGGTGACCTGAGTCAGGCAAAGG	GTGACCTCAATGAGGTCAC	-
CTGGGTGACCTGAGTCAGGCAAAGG	MA1923.1	-1	0.000375248	0.733984	0.47244	20	CTGGGTGACCTGAGTCAGGCAAAGG	CAGGTGACAGGTGTCAGGTG	-
CTGGGTGACCTGAGTCAGGCAAAGG	MA0003.4	-5	0.000483122	0.944986	0.47244	14	CTGGGTGACCTGAGTCAGGCAAAGG	TGGCCTGAGGCAAT	-
CTGGGTGACCTGAGTCAGGCAAAGG	MA0278.1	-4	0.000851144	1.66484	0.48453	21	CTGGGTGACCTGAGTCAGGCAAAGG	TTGACTTGACTCTGGCTGTGC	-
CTGGGTGACCTGAGTCAGGCAAAGG	MA1829.1	-10	0.001155	2.25917	0.564729	13	CTGGGTGACCTGAGTCAGGCAAAGG	TTAGTTAGGTAAA	-
CTGGGTGACCTGAGTCAGGCAAAGG	MA1877.1	1	0.00136347	2.66695	0.592589	21	CTGGGTGACCTGAGTCAGGCAAAGG	CGCGGGTGGCACGTGCCAGGCG	+
CTGGGTGACCTGAGTCAGGCAAAGG	MA0783.1	-5	0.00155123	3.03421	0.606773	12	CTGGGTGACCTGAGTCAGGCAAAGG	TGACAGGTGTCA	+
CTGGGTGACCTGAGTCAGGCAAAGG	MA0814.2	-5	0.00203489	3.98024	0.723599	14	CTGGGTGACCTGAGTCAGGCAAAGG	GGGCCTGAGGCGGG	+
CTGGGTGACCTGAGTCAGGCAAAGG	MA0580.1	-8	0.00230998	4.51833	0.75297	14	CTGGGTGACCTGAGTCAGGCAAAGG	CGTGAGTCACGTGA	+
CTGGGTGACCTGAGTCAGGCAAAGG	MA1408.1	-12	0.00300318	5.87422	0.868628	10	CTGGGTGACCTGAGTCAGGCAAAGG	AGTTAGGTAA	+
CTGGGTGACCTGAGTCAGGCAAAGG	MA1764.1	-10	0.00319712	6.25357	0.868628	13	CTGGGTGACCTGAGTCAGGCAAAGG	AAAGTTAGGCAGA	-
CTGGGTGACCTGAGTCAGGCAAAGG	MA0797.1	-5	0.00358608	7.01437	0.868628	12	CTGGGTGACCTGAGTCAGGCAAAGG	TGACAGCTGTCA	+
CTGGGTGACCTGAGTCAGGCAAAGG	MA1150.1	-4	0.00377514	7.38418	0.868628	11	CTGGGTGACCTGAGTCAGGCAAAGG	GTGACCTAATT	-
CTGGGTGACCTGAGTCAGGCAAAGG	MA0591.1	-6	0.00416235	8.14156	0.88598	15	CTGGGTGACCTGAGTCAGGCAAAGG	GTGCTGAGTCATCCT	-
CTGGGTGACCTGAGTCAGGCAAAGG	MA2001.1	-4	0.00430356	8.41776	0.88598	11	CTGGGTGACCTGAGTCAGGCAAAGG	GAAACCTGAGC	+
CTGGGTGACCTGAGTCAGGCAAAGG	MA0478.1	-9	0.00469392	9.18131	0.918027	11	CTGGGTGACCTGAGTCAGGCAAAGG	ATGAGTCATCC	-
CTGGGTGACCTGAGTCAGGCAAAGG	MA0734.3	1	0.00500842	9.79647	0.932892	12	CTGGGTGACCTGAGTCAGGCAAAGG	CCTGGGTGGTCTC	-
GACGAAGGGCTAACGCTCGA	MA0014.3	-6	0.00221432	4.3312	1	12	GACGAAGGGCTAACGCTCGA	GGGGTCACGCTC	-
GACGAAGGGCTAACGCTCGA	MA0859.1	-4	0.00346189	6.77145	1	16	GACGAAGGGCTAACGCTCGA	AAGGTCAAAAGGTCAA	+
GACGAAGGGCTAACGCTCGA	MA0396.1	-8	0.00430763	8.42573	1	9	GACGAAGGGCTAACGCTCGA	GCTAGCGCA	+
CCGCCATBTTK	MA1651.1	6	5.1738e-06	0.0101199	0.0193148	11	CCGCCATTTTG	CGGAGGCAGCCATTTTGGAAC	-
CCGCCATBTTK	MA0095.3	-1	9.87466e-06	0.0193148	0.0193148	10	CCGCCATTTTG	CGCCATTTTGTT	-
CCGCCATBTTK	MA0748.2	2	8.34188e-05	0.163167	0.108778	9	CCGCCATTTTG	CGCCGCCATCT	-
CCGCCATBTTK	MA1927.1	4	0.000119463	0.23367	0.116835	11	CCGCCATTTTG	ACGGCCGCCATTATGGCGGCCC	-
CCGCCATBTTK	MA1460.1	2	0.000549299	1.07443	0.358143	9	CCGCCATTTTG	GGCGGCCATTT	-
CCGCCATBTTK	MA1524.2	1	0.00101684	1.98895	0.5002	11	CCGCCATTTTG	GCCACCATTTGTCTCC	-
CCGCCATBTTK	MA1109.1	0	0.0010229	2.0008	0.5002	11	CCGCCATTTTG	CTGCCATCTGTCC	-
CCGCCATBTTK	MA1256.1	6	0.0016019	3.13331	0.69565	11	CCGCCATTTTG	CCTCCGCCGCCATTTCCGCCG	-
CCGCCATBTTK	MA0531.1	1	0.00198784	3.88822	0.69565	11	CCGCCATTTTG	GGCGCCATCTAGCGG	-
CCGCCATBTTK	MA0993.1	2	0.00230229	4.50328	0.69565	8	CCGCCATTTTG	CGCCGCCATT	+
CCGCCATBTTK	MA0998.1	3	0.00230229	4.50328	0.69565	7	CCGCCATTTTG	CCGCCGCCAT	+
CCGCCATBTTK	MA1244.1	5	0.00231172	4.52173	0.69565	11	CCGCCATTTTG	CGCCGCCGCCATTTCCGCC	-
CCGCCATBTTK	MA1679.1	5	0.00359102	7.02403	0.950447	10	CCGCCATTTTG	CGCCACCGACATTTC	+
CCGCCATBTTK	MA0567.1	2	0.00391166	7.65121	0.950447	6	CCGCCATTTTG	CGCCGCCA	+
CCGCCATBTTK	MA0978.1	1	0.00413849	8.0949	0.950447	7	CCGCCATTTTG	GCCGACAT	-
CCGCCATBTTK	MA1754.1	9	0.00424763	8.30837	0.950447	11	CCGCCATTTTG	CCACCGCCGCCGCCATTTCCG	+
CCGCCATBTTK	MA1004.1	2	0.00437322	8.55402	0.950447	6	CCGCCATTTTG	CGCCGCCA	+
CCGCCATBTTK	MA1638.1	-2	0.00511142	9.99795	1	9	CCGCCATTTTG	GCCATCTGGT	-
ATAGCYGTGTATAGC	MA0660.1	-3	0.000563042	1.10131	1	12	ATAGCTGTGTATAGC	GCTATTTATAGC	-
ATAGCYGTGTATAGC	MA0249.2	-1	0.0016927	3.31093	1	11	ATAGCTGTGTATAGC	TACATGTGTAT	-
ATAGCYGTGTATAGC	MA0773.1	-3	0.00282908	5.53367	1	12	ATAGCTGTGTATAGC	TCTATTTATAGT	-
YGTAAAWTGGCCACCGTAAAGAGTT	MA1920.1	-1	0.000778653	1.52304	1	22	CGTAAATTGGCCACCGTAAAGAGTT	GTGTAATTCACACCTTTAAAAG	-
YGTAAAWTGGCCACCGTAAAGAGTT	MA1081.2	-3	0.000970134	1.89758	1	16	CGTAAATTGGCCACCGTAAAGAGTT	AAATTGGTCAACGATA	+
YGTAAAWTGGCCACCGTAAAGAGTT	MA1460.1	-4	0.00152171	2.97646	1	11	CGTAAATTGGCCACCGTAAAGAGTT	AAATGGCCGCC	+
YGTAAAWTGGCCACCGTAAAGAGTT	MA0718.1	-1	0.0019717	3.85664	1	10	CGTAAATTGGCCACCGTAAAGAGTT	GTTAATTGGC	-
YGTAAAWTGGCCACCGTAAAGAGTT	MA0894.1	-1	0.00335462	6.56164	1	10	CGTAAATTGGCCACCGTAAAGAGTT	GCTAATTGGC	+
YGTAAAWTGGCCACCGTAAAGAGTT	MA0365.1	-7	0.00356518	6.97349	1	8	CGTAAATTGGCCACCGTAAAGAGTT	TAGCAACC	-
YGTAAAWTGGCCACCGTAAAGAGTT	MA0699.1	-1	0.00390792	7.6439	1	10	CGTAAATTGGCCACCGTAAAGAGTT	GCTAATTGGC	-
AGVATDTTTTTTAMDTTTTCA	MA1280.1	-6	1.09147e-05	0.0213491	0.041821	14	AGAATTTTTTTTAAATTTTCA	TTTTTAACTTTTTG	-
AGVATDTTTTTTAMDTTTTCA	MA1277.1	-4	2.62888e-05	0.0514209	0.0503646	17	AGAATTTTTTTTAAATTTTCA	TTTTTTTTACTTTTTCTTTTT	-
AGVATDTTTTTTAMDTTTTCA	MA1823.1	-7	8.38244e-05	0.163961	0.107061	12	AGAATTTTTTTTAAATTTTCA	TTTTTTCTTTTT	-
AGVATDTTTTTTAMDTTTTCA	MA1183.1	-1	0.000550811	1.07739	0.302498	11	AGAATTTTTTTTAAATTTTCA	AGATATTTTTT	+
AGVATDTTTTTTAMDTTTTCA	MA1881.1	1	0.000590844	1.15569	0.302498	19	AGAATTTTTTTTAAATTTTCA	GATTTAATTAATTAATTTTT	+
AGVATDTTTTTTAMDTTTTCA	MA1190.1	-1	0.000601391	1.17632	0.302498	11	AGAATTTTTTTTAAATTTTCA	AGATATTTTTT	+
AGVATDTTTTTTAMDTTTTCA	MA1374.1	-4	0.000652361	1.27602	0.302498	17	AGAATTTTTTTTAAATTTTCA	TTTTTTTGTCGTTTTGTG	-
AGVATDTTTTTTAMDTTTTCA	MA1607.1	-5	0.000652439	1.27617	0.302498	14	AGAATTTTTTTTAAATTTTCA	TTTGTTTACATATT	-
AGVATDTTTTTTAMDTTTTCA	MA1125.1	-4	0.000710529	1.38979	0.302498	12	AGAATTTTTTTTAAATTTTCA	TTTTTTTTTAAA	-
AGVATDTTTTTTAMDTTTTCA	MA0679.2	-3	0.0010166	1.98847	0.327643	16	AGAATTTTTTTTAAATTTTCA	TATTTATTGATTTTTT	-
AGVATDTTTTTTAMDTTTTCA	MA1876.1	-2	0.00142504	2.78738	0.327643	19	AGAATTTTTTTTAAATTTTCA	AATTGTAATTAAATTCTAAT	-
AGVATDTTTTTTAMDTTTTCA	MA1161.1	-7	0.00173231	3.38839	0.327643	14	AGAATTTTTTTTAAATTTTCA	ATTTTAAAATTTAAA	+
AGVATDTTTTTTAMDTTTTCA	MA1379.1	-8	0.00173231	3.38839	0.327643	13	AGAATTTTTTTTAAATTTTCA	ATTTAAATTTTAAAA	-
AGVATDTTTTTTAMDTTTTCA	MA1208.1	-5	0.00179324	3.50757	0.327643	14	AGAATTTTTTTTAAATTTTCA	TTTTTTACCGTTTT	+
AGVATDTTTTTTAMDTTTTCA	MA1281.1	1	0.00179603	3.51304	0.327643	20	AGAATTTTTTTTAAATTTTCA	TTTTTTTTTTTTTACTTTTTT	-
AGVATDTTTTTTAMDTTTTCA	MA1274.1	2	0.00179603	3.51304	0.327643	19	AGAATTTTTTTTAAATTTTCA	TTTACTTTTTTTTTTTTTTTT	+
AGVATDTTTTTTAMDTTTTCA	MA1182.1	-1	0.00189791	3.7123	0.327643	12	AGAATTTTTTTTAAATTTTCA	AGATATTTTTTT	+
AGVATDTTTTTTAMDTTTTCA	MA1184.1	1	0.00191309	3.742	0.327643	13	AGAATTTTTTTTAAATTTTCA	TAAGATATTTTTTT	-
AGVATDTTTTTTAMDTTTTCA	MA1371.1	-5	0.00195629	3.82651	0.327643	16	AGAATTTTTTTTAAATTTTCA	TTTTTTGTCGTTTTGTG	-
AGVATDTTTTTTAMDTTTTCA	MA1156.1	-2	0.00195787	3.82959	0.327643	19	AGAATTTTTTTTAAATTTTCA	TTTTTTTTTGTCGTTTTCTG	+
AGVATDTTTTTTAMDTTTTCA	MA0846.1	-5	0.00204118	3.99255	0.327643	12	AGAATTTTTTTTAAATTTTCA	TTTGTTTACTTA	-
AGVATDTTTTTTAMDTTTTCA	MA1276.1	-9	0.00215588	4.21691	0.327643	11	AGAATTTTTTTTAAATTTTCA	TTAACTTTTTG	-
AGVATDTTTTTTAMDTTTTCA	MA1401.1	1	0.00235749	4.61126	0.327643	11	AGAATTTTTTTTAAATTTTCA	TAAGATATTTTT	-
AGVATDTTTTTTAMDTTTTCA	MA1187.1	-1	0.00246062	4.81297	0.327643	10	AGAATTTTTTTTAAATTTTCA	AGATATTTTT	+
AGVATDTTTTTTAMDTTTTCA	MA1087.2	-5	0.00266104	5.20499	0.327643	15	AGAATTTTTTTTAAATTTTCA	ATCGTTGACTTTTTT	-
AGVATDTTTTTTAMDTTTTCA	MA1380.1	-7	0.00266104	5.20499	0.327643	14	AGAATTTTTTTTAAATTTTCA	TTTTAAATTTTTTAA	+
AGVATDTTTTTTAMDTTTTCA	MA1085.2	-7	0.00267045	5.22341	0.327643	10	AGAATTTTTTTTAAATTTTCA	TTTTGACTTT	-
AGVATDTTTTTTAMDTTTTCA	MA1862.1	0	0.00267231	5.22703	0.327643	20	AGAATTTTTTTTAAATTTTCA	TTTTTTTTGTTTATTTATTT	+
AGVATDTTTTTTAMDTTTTCA	MA0757.1	-6	0.00279979	5.47639	0.327643	14	AGAATTTTTTTTAAATTTTCA	ATTATTGATTTTTT	-
AGVATDTTTTTTAMDTTTTCA	MA1682.1	-5	0.00279979	5.47639	0.327643	14	AGAATTTTTTTTAAATTTTCA	AAATTTGAATTTTA	-
AGVATDTTTTTTAMDTTTTCA	MA1158.1	-2	0.00281275	5.50175	0.327643	19	AGAATTTTTTTTAAATTTTCA	TTTTTTTTTGTCGTTTTCTG	-
AGVATDTTTTTTAMDTTTTCA	MA0703.2	-3	0.00289097	5.65473	0.327643	11	AGAATTTTTTTTAAATTTTCA	ATTTTAATTAA	+
AGVATDTTTTTTAMDTTTTCA	MA1185.1	-1	0.00289573	5.66404	0.327643	10	AGAATTTTTTTTAAATTTTCA	AGATATTTTT	+
AGVATDTTTTTTAMDTTTTCA	MA0624.2	-6	0.00312519	6.11287	0.327643	12	AGAATTTTTTTTAAATTTTCA	TATTTTCCATTG	-
AGVATDTTTTTTAMDTTTTCA	MA0459.1	-8	0.00313725	6.13647	0.327643	10	AGAATTTTTTTTAAATTTTCA	TTTGACTTTT	-
AGVATDTTTTTTAMDTTTTCA	MA1191.1	1	0.00338057	6.6124	0.327643	14	AGAATTTTTTTTAAATTTTCA	TAAGATATTTTTTTA	-
AGVATDTTTTTTAMDTTTTCA	MA0435.1	-1	0.00344629	6.74094	0.327643	20	AGAATTTTTTTTAAATTTTCA	TGTAAGGATTTACGTCTTCA	-
AGVATDTTTTTTAMDTTTTCA	MA1370.1	-6	0.00353833	6.92097	0.327643	15	AGAATTTTTTTTAAATTTTCA	TTTTTGTCGTTTTGTG	+
AGVATDTTTTTTAMDTTTTCA	MA1606.1	-5	0.00359069	7.02339	0.327643	11	AGAATTTTTTTTAAATTTTCA	TTTGTTTACAT	-
AGVATDTTTTTTAMDTTTTCA	MA1278.1	2	0.0038366	7.5044	0.327643	19	AGAATTTTTTTTAAATTTTCA	TTTTTTTTTTTTTTACTTTTT	+
AGVATDTTTTTTAMDTTTTCA	MA1317.1	-7	0.00400532	7.8344	0.327643	13	AGAATTTTTTTTAAATTTTCA	CTTTGACTTTTTT	+
AGVATDTTTTTTAMDTTTTCA	MA1160.1	-2	0.0040061	7.83593	0.327643	19	AGAATTTTTTTTAAATTTTCA	TTTTTTTTTGTCGTTTTGTG	+
AGVATDTTTTTTAMDTTTTCA	MA0554.1	-7	0.00403359	7.88971	0.327643	14	AGAATTTTTTTTAAATTTTCA	TTTTTCCATTTTTGG	+
AGVATDTTTTTTAMDTTTTCA	MA1162.1	-8	0.00403359	7.88971	0.327643	13	AGAATTTTTTTTAAATTTTCA	ATTTGAATTTTAAAT	-
AGVATDTTTTTTAMDTTTTCA	MA1440.1	-3	0.00411863	8.05604	0.327643	8	AGAATTTTTTTTAAATTTTCA	TTGTTTTT	-
AGVATDTTTTTTAMDTTTTCA	MA1489.1	-6	0.00411863	8.05604	0.327643	8	AGAATTTTTTTTAAATTTTCA	TTGTTTAC	-
AGVATDTTTTTTAMDTTTTCA	MA1900.1	-1	0.00442512	8.65554	0.327643	20	AGAATTTTTTTTAAATTTTCA	AATAATTAATTAATTATTAA	-
AGVATDTTTTTTAMDTTTTCA	MA1924.1	-3	0.00442512	8.65554	0.327643	18	AGAATTTTTTTTAAATTTTCA	TTTTTATTTAATTAATTTTA	-
AGVATDTTTTTTAMDTTTTCA	MA0537.1	-7	0.00444972	8.70366	0.327643	11	AGAATTTTTTTTAAATTTTCA	TTTTCACTTTT	-
AGVATDTTTTTTAMDTTTTCA	MA1159.1	-6	0.00453131	8.86325	0.327643	15	AGAATTTTTTTTAAATTTTCA	TTTTTGTCTTTTTTT	-
AGVATDTTTTTTAMDTTTTCA	MA1205.1	-6	0.0045969	8.99153	0.327643	15	AGAATTTTTTTTAAATTTTCA	TTTTTTCCTTTTTTGGAAA	-
AGVATDTTTTTTAMDTTTTCA	MA1883.1	-3	0.00464959	9.0946	0.327643	18	AGAATTTTTTTTAAATTTTCA	TTTTTAATTAATTAATTTTT	+
AGVATDTTTTTTAMDTTTTCA	MA1870.1	0	0.0048846	9.55428	0.327643	20	AGAATTTTTTTTAAATTTTCA	TTTTGTTTGTTTATTTTTTT	-
AGVATDTTTTTTAMDTTTTCA	MA1157.1	-2	0.0048846	9.55428	0.327643	19	AGAATTTTTTTTAAATTTTCA	TTTTTTTTTGTCGTTTTGTG	+
AGVATDTTTTTTAMDTTTTCA	MA1304.1	-7	0.00501665	9.81256	0.327643	12	AGAATTTTTTTTAAATTTTCA	CTTTGACTTTTT	-
AGVATDTTTTTTAMDTTTTCA	MA0174.1	-6	0.00507111	9.91909	0.327643	7	AGAATTTTTTTTAAATTTTCA	TTTATTA	+
TAACCTGGGTATTGTACACADAAWT	MA1573.2	-4	0.0004109	0.803721	0.826747	14	TAACCTGGGTATTGTACACATAATT	CTGGGAATTGTAGT	-
TAACCTGGGTATTGTACACADAAWT	MA0929.1	-10	0.000422672	0.826747	0.826747	12	TAACCTGGGTATTGTACACATAATT	ATTGTAAACAAA	+
TAACCTGGGTATTGTACACADAAWT	MA1055.2	-10	0.00206809	4.04518	1	13	TAACCTGGGTATTGTACACATAATT	ATTGTACGGATAA	+
TAACCTGGGTATTGTACACADAAWT	MA1867.1	-7	0.00277142	5.42089	1	18	TAACCTGGGTATTGTACACATAATT	TGTTATGTAAACAAAAAAAA	-
TAACCTGGGTATTGTACACADAAWT	MA1607.1	-8	0.00282666	5.52895	1	14	TAACCTGGGTATTGTACACATAATT	AATATGTAAACAAA	+
TAACCTGGGTATTGTACACADAAWT	MA0157.3	-11	0.00284763	5.56997	1	12	TAACCTGGGTATTGTACACATAATT	ATGTAAACAAAA	+
TAACCTGGGTATTGTACACADAAWT	MA1434.1	-4	0.00312697	6.11635	1	7	TAACCTGGGTATTGTACACATAATT	GTGGGTA	-
TAACCTGGGTATTGTACACADAAWT	MA0047.3	-11	0.00477149	9.33303	1	11	TAACCTGGGTATTGTACACATAATT	ATGTAAACATA	+
TAACCTGGGTATTGTACACADAAWT	MA1606.1	-11	0.00477149	9.33303	1	11	TAACCTGGGTATTGTACACATAATT	ATGTAAACAAA	+

# Tomtom (Motif Comparison Tool): Version 5.5.7 compiled on Aug 27 2024 at 03:15:06
# The format of this file is described at http://localhost:8080/meme_5.5.7/doc/tomtom-output-format.html.
# tomtom -no-ssc -oc tomtom_output_upOralEpi -min-overlap 5 -dist pearson -evalue -thresh 10.0 meme_output_upOralEpi/meme.txt ../../../references/motif_dbs/JASPAR/JASPAR2022_CORE_non-redundant_v2.meme
