"","query","baseMean","log2FoldChange","lfcSE","pvalue","padj","List","definition","Classification","def_short"
"1","Pocillopora_acuta_HIv2___RNAseq.g14253.t1",1084.62610850225,15.9449806215647,3.72600215063653,1.43614740174921e-17,1.73103633490838e-14,"Searched Keywords","Hemicentin-1 (Fibulin-6) (FIBL-6)","Extracellular matrix/cell adhesion","Hemicentin-1 (Fibulin-6) (FIBL-6)"
"2","Pocillopora_acuta_HIv2___RNAseq.g8588.t1",783.119333561871,15.4774117514434,3.69354649654503,2.1885385592233e-16,1.4388646236639e-13,"Searched Keywords","Coadhesin","Extracellular matrix/cell adhesion","Coadhesin"
"3","Pocillopora_acuta_HIv2___RNAseq.g1126.t1",3758.53930256433,14.577479580893,3.15720134919936,3.83075246455207e-14,8.65750056988767e-12,"Searched Keywords","Coadhesin","Extracellular matrix/cell adhesion","Coadhesin"
"4","Pocillopora_acuta_HIv2___RNAseq.g26596.t1",503.322440157317,-13.9368775974191,3.803634535059,1.26414033993335e-12,1.56277998946974e-10,"Searched Keywords","Hemicentin-2","Extracellular matrix/cell adhesion","Hemicentin-2"
"5","Pocillopora_acuta_HIv2___RNAseq.g22261.t1",1251.45084902703,15.9238331859312,4.19119276483651,3.16396177969244e-12,3.40818083122377e-10,"Biomin_Genes","Adi-SAARP2,Skeletal acidic Asp-rich Protein 2 (SAARP2),Uncharacterized skeletal organic matrix protein-4  (USOMP-4),skeletal aspartic acid-rich protein 2-like (CARP5)","Acidic proteins","Adi-SAARP2,Skeletal acidic Asp-rich P..."
"6","Pocillopora_acuta_HIv2___RNAseq.g14347.t1",3739.22928222091,9.62610401995435,2.39824150187433,3.75445659693288e-12,3.8513801573076e-10,"Searched Keywords","Collagen alpha-4(VI) chain","Extracellular matrix/cell adhesion","Collagen alpha-4(VI) chain"
"7","Pocillopora_acuta_HIv2___RNAseq.g31286.t1c",336.709257994196,-13.2592061917055,3.76835901557273,1.31932986163946e-11,1.10305127854065e-09,"Searched Keywords","Uncharacterized skeletal organic matrix protein 5 (Uncharacterized SOMP-5)","Uncharacterized biomineralization proteins","Uncharacterized skeletal organic matr..."
"8","Pocillopora_acuta_HIv2___TS.g12860.t1",867.113858485982,12.4403039110153,3.3003639413045,2.70427806352741e-11,2.03722280785731e-09,"Searched Keywords","Collagen alpha-1(VI) chain","Extracellular matrix/cell adhesion","Collagen alpha-1(VI) chain"
"9","Pocillopora_acuta_HIv2___RNAseq.g14348.t1",242.989419613007,-12.9275977129906,3.70018391405976,4.03292776610694e-11,2.80734719452496e-09,"Searched Keywords","Collagen alpha-4(VI) chain","Extracellular matrix/cell adhesion","Collagen alpha-4(VI) chain"
"10","Pocillopora_acuta_HIv2___TS.g12304.t1",114980.255845133,5.93217094942746,1.20542524134101,6.27188571554916e-11,3.92712359262784e-09,"Biomin_Genes","carbonic anhydrase [Stylophora pistillata],carbonic anhydrase 2,Annotated: Carbonic Anhydrase (STPCA2-1),Annotated: CarbonicAnhyrase","Enzymes","carbonic anhydrase [Stylophora pistil..."
"11","Pocillopora_acuta_HIv2___RNAseq.6257_t",1225.63410570247,-12.3523647667332,3.21334535964742,1.09427491617591e-10,6.13472573161565e-09,"Searched Keywords","Collagen alpha-5(VI) chain (Collagen alpha-1(XXIX) chain)","Extracellular matrix/cell adhesion","Collagen alpha-5(VI) chain (Collagen ..."
"12","Pocillopora_acuta_HIv2___RNAseq.g6446.t1",7264.0806341713,4.27396570220199,0.764677253917788,2.48816753101807e-10,1.22411072002195e-08,"Biomin_Genes","Annotated: Thrombospondin-like protein (Thrombospondin),Annotated: Coadhesin,clone g9951 alpha collagen-like protein gene,CARP9,Thrombospondin,Hemicentin,coadhesin-like isoform X3 [Stylophora pistillata]","Extracellular matrix/cell adhesion","Annotated: Thrombospondin-like protei..."
"13","Pocillopora_acuta_HIv2___TS.g23175.t1",218.460484313913,-12.4996751922412,3.66406572706152,2.52166837530353e-10,1.23638682645391e-08,"Searched Keywords","Hemicentin-1 (Fibulin-6) (FIBL-6)","Extracellular matrix/cell adhesion","Hemicentin-1 (Fibulin-6) (FIBL-6)"
"14","Pocillopora_acuta_HIv2___TS.g19887.t1",525.99718908866,11.8141915650314,3.14995187765576,2.77126131744754e-10,1.34508468777051e-08,"Searched Keywords","Carbonic anhydrase (EC 4.2.1.1) (Carbonate dehydratase)","Enzymes","Carbonic anhydrase (EC 4.2.1.1) (Carb..."
"15","Pocillopora_acuta_HIv2___RNAseq.g20587.t2",299.561781586977,-10.1313798671106,2.53858531527372,3.34031220914941e-10,1.55351369109765e-08,"Biomin_Genes","uncharacterized protein LOC111345150 [Stylophora pistillata]","Uncharacterized biomineralization proteins","uncharacterized protein LOC111345150 ..."
"16","Pocillopora_acuta_HIv2___RNAseq.g29115.t1",762.405021667792,-8.42905613280177,2.74427054941721,5.1601001229655e-10,2.29648271318686e-08,"Searched Keywords","Collagen alpha-3(VI) chain","Extracellular matrix/cell adhesion","Collagen alpha-3(VI) chain"
"17","Pocillopora_acuta_HIv2___RNAseq.g1971.t1",260.726450049051,-10.2422316868026,2.87570259770913,2.35364203557023e-09,8.42650455507123e-08,"Biomin_Genes","CARP8","Acidic proteins","CARP8"
"18","Pocillopora_acuta_HIv2___RNAseq.g14951.t1",847.297592672048,-8.238211931516,2.56651454530429,3.84051797115387e-09,1.2682477610678e-07,"Searched Keywords","Coadhesin","Extracellular matrix/cell adhesion","Coadhesin"
"19","Pocillopora_acuta_HIv2___RNAseq.g16715.t1",164499.295892458,3.53373267881909,0.674689343198739,5.81754532819772e-09,1.81728928868238e-07,"Biomin_Genes","Uncharacterized skeletal organic matrix protein-6 (USOMP6),Late embryogenesis protein","Uncharacterized biomineralization proteins","Uncharacterized skeletal organic matr..."
"20","Pocillopora_acuta_HIv2___RNAseq.g8523.t1",133.456897571417,-11.8512306939309,3.67983633341418,6.19962883079849e-09,1.90790279592914e-07,"Searched Keywords","Coadhesin","Extracellular matrix/cell adhesion","Coadhesin"
"21","Pocillopora_acuta_HIv2___RNAseq.g1125.t1",1202.4430853272,0.922673435478155,1.64791109654248,1.04055907068559e-08,3.00908162970423e-07,"Searched Keywords","Collagen alpha-3(VI) chain","Extracellular matrix/cell adhesion","Collagen alpha-3(VI) chain"
"22","Pocillopora_acuta_HIv2___RNAseq.g672.t1",528.012808858935,-10.3692294205395,3.25299962861829,1.33628367540254e-08,3.73849266557491e-07,"Searched Keywords","Coadhesin","Extracellular matrix/cell adhesion","Coadhesin"
"23","Pocillopora_acuta_HIv2___RNAseq.g14952.t1",100.504765074165,-11.3803364337466,3.58990583676793,1.83894910134725e-08,4.9165544920308e-07,"Searched Keywords","Coadhesin","Extracellular matrix/cell adhesion","Coadhesin"
"24","Pocillopora_acuta_HIv2___RNAseq.g1812.t1",9662.94937539683,3.79319005725442,0.799071263383229,3.36750715309521e-08,8.48564868682388e-07,"Biomin_Genes","Annotated: Actin","Actin","Annotated: Actin"
"25","Pocillopora_acuta_HIv2___RNAseq.g1119.t1",934.210540933629,1.84851011625143,6.7325075345322,3.83430697366812e-08,9.49647535396158e-07,"Searched Keywords","Collagen alpha-6(VI) chain","Extracellular matrix/cell adhesion","Collagen alpha-6(VI) chain"
"26","Pocillopora_acuta_HIv2___TS.g2710.t1",25241.7068372189,-2.77483874329822,0.545409696077218,4.18371949012525e-08,1.01703056647347e-06,"Biomin_Genes","Zona pellucida domain-containing protein,Annotated: Zona Pellucida (ZP domain-containing),Zona pellucida,ZP domain-containing protein-like [Stylophora pistillata]","Extracellular matrix/cell adhesion","Zona pellucida domain-containing prot..."
"27","Pocillopora_acuta_HIv2___TS.g1545.t1b",504.329357939396,0.791044970934027,1.44702804875393,1.15176423547167e-07,2.44987027968561e-06,"Searched Keywords","Uncharacterized skeletal organic matrix protein 2 (Uncharacterized SOMP-2)","Uncharacterized biomineralization proteins","Uncharacterized skeletal organic matr..."
"28","Pocillopora_acuta_HIv2___RNAseq.2533_t",3992.1710047385,6.24251590894724,3.88402201320417,1.31372311525673e-07,2.74316765676346e-06,"Searched Keywords","Hemicentin-1 (Fibulin-6) (FIBL-6)","Extracellular matrix/cell adhesion","Hemicentin-1 (Fibulin-6) (FIBL-6)"
"29","Pocillopora_acuta_HIv2___RNAseq.g25935.t1",41416.6959166268,3.66254978330064,0.839729238294118,1.56159014215549e-07,3.18124504452633e-06,"Biomin_Genes","MAM and LDLr domain-containing protein,Annotated: MAM and LDL receptor-containing protein (MAM LDL-2),MAM and LDL-receptor domain- containing protein 2,MAM and LDL-receptor domain- containing protein 1,MAM domain anchor protein,MAM/LDL receptor domain containing protein,Zonadhesion-like precursor,MAM and LDL-receptor class A domain-containing protein 2-like [Stylophora pistillata]","Extracellular matrix/cell adhesion","MAM and LDLr domain-containing protei..."
"30","Pocillopora_acuta_HIv2___RNAseq.g8821.t1",15967.8005170179,3.00420768041192,0.65728094398225,2.66272747268101e-07,5.0557485247527e-06,"Biomin_Genes","Complement C3 [Stylophora pistillata]","Extracellular matrix/cell adhesion","Complement C3 [Stylophora pistillata]"
"31","Pocillopora_acuta_HIv2___RNAseq.g14373.t1",969.063918075449,10.7490935051724,8.48616040340234,2.66699123643965e-07,5.0557485247527e-06,"Searched Keywords","Collagen alpha-1(VI) chain","Extracellular matrix/cell adhesion","Collagen alpha-1(VI) chain"
"32","Pocillopora_acuta_HIv2___RNAseq.g21689.t1",619.250716611963,0.921628297344426,1.65117924065092,2.70717967192469e-07,5.11183378260036e-06,"Biomin_Genes","Stylophora pistillata hypothetical protein,uncharacterized skeletal organic matrix protein 8-like [Stylophora pistillata]","Acidic proteins","Stylophora pistillata hypothetical pr..."
"33","Pocillopora_acuta_HIv2___RNAseq.g11580.t1",148.096171726209,-11.2940632069444,4.14590891318787,4.34962608427392e-07,7.72886875711768e-06,"Searched Keywords","Hemicentin-1 (Fibulin-6) (FIBL-6)","Extracellular matrix/cell adhesion","Hemicentin-1 (Fibulin-6) (FIBL-6)"
"34","Pocillopora_acuta_HIv2___RNAseq.g5807.t1",9139.3164167662,4.45541176387539,1.40923496650172,1.18122356398237e-06,1.81179402221007e-05,"Biomin_Genes","spore wall protein 2-like isoform X3 [Stylophora pistillata]","Uncharacterized biomineralization proteins","spore wall protein 2-like isoform X3 ..."
"35","Pocillopora_acuta_HIv2___RNAseq.g8901.t1",506.748351229391,0.305927155482379,1.05177659027909,3.7826830643679e-06,4.95256202602638e-05,"Searched Keywords","Hemicentin-1 (Fibulin-6) (FIBL-6)","Extracellular matrix/cell adhesion","Hemicentin-1 (Fibulin-6) (FIBL-6)"
"36","Pocillopora_acuta_HIv2___RNAseq.g26035.t1",2844.02785962697,3.46691692787553,1.04066597625537,5.6758135818957e-06,7.01666390158457e-05,"Biomin_Genes","CUB domain-containing protein-like isoform X2 [Stylophora pistillata]","Extracellular matrix/cell adhesion","CUB domain-containing protein-like is..."
"37","Pocillopora_acuta_HIv2___TS.g8258.t1",75.7322744331064,7.1753838610314,3.33160106292186,6.26401381775193e-06,7.63291456276023e-05,"Searched Keywords","Hemicentin-2","Extracellular matrix/cell adhesion","Hemicentin-2"
"38","Pocillopora_acuta_HIv2___TS.g11286.t1",2158.52113630256,4.91306274898199,1.83181419614552,7.18578034948592e-06,8.58967991528632e-05,"Searched Keywords","Coadhesin","Extracellular matrix/cell adhesion","Coadhesin"
"39","Pocillopora_acuta_HIv2___RNAseq.g25351.t1",48599.9596373917,2.50537894384609,0.654341718183632,9.91457842467874e-06,0.000113273666930927,"Biomin_Genes","mammalian ependymin-related protein 1-like [Stylophora pistillata]","Extracellular matrix/cell adhesion","mammalian ependymin-related protein 1..."
"40","Pocillopora_acuta_HIv2___TS.g5338.t1",2352.95724361698,5.3471390334692,2.55880498047329,1.18073965950781e-05,0.000131606037356907,"Biomin_Genes","collagenase 3-like [Stylophora pistillata]","Extracellular matrix/cell adhesion","collagenase 3-like [Stylophora pistil..."
"41","Pocillopora_acuta_HIv2___RNAseq.g183.t1",340.729076017681,4.63795977872855,2.19184090039483,1.18103316156848e-05,0.000131606037356907,"Searched Keywords","Uncharacterized skeletal organic matrix protein 2 (Uncharacterized SOMP-2)","Uncharacterized biomineralization proteins","Uncharacterized skeletal organic matr..."
"42","Pocillopora_acuta_HIv2___TS.g1975.t1",348.222481297997,-0.461342788619193,1.11010394831292,1.3840979479726e-05,0.000151091265807363,"Searched Keywords","Uncharacterized skeletal organic matrix protein 5 (Uncharacterized SOMP-5)","Uncharacterized biomineralization proteins","Uncharacterized skeletal organic matr..."
"43","Pocillopora_acuta_HIv2___RNAseq.g15036.t2",215.571648799652,-5.7068332406383,3.36773870980728,1.44824654200797e-05,0.00015714507114481,"Searched Keywords","Collagen alpha-1(XXIV) chain","Extracellular matrix/cell adhesion","Collagen alpha-1(XXIV) chain"
"44","Pocillopora_acuta_HIv2___TS.g23724.t1a",3514.2101435833,4.52556855311614,1.48637261345609,1.71734861174505e-05,0.000182779472555411,"Biomin_Genes","Uncharacterized skeletal organic matrix protein-3  (USOMP-3)","Uncharacterized biomineralization proteins","Uncharacterized skeletal organic matr..."
"45","Pocillopora_acuta_HIv2___RNAseq.g22260.t1",196.840388320842,-0.722989704965044,1.38507249016091,1.77387288701703e-05,0.000187416343592508,"Biomin_Genes","CARP9","Acidic proteins","CARP9"
"46","Pocillopora_acuta_HIv2___RNAseq.g23210.t1",91.1601050956309,6.90540614507671,4.36527143710155,1.990441933717e-05,0.000206526198918814,"Searched Keywords","Hemicentin-2","Extracellular matrix/cell adhesion","Hemicentin-2"
"47","Pocillopora_acuta_HIv2___RNAseq.g25216.t1b",1114.51152321024,-0.872062302386328,1.55702950956862,2.41970314382683e-05,0.000243383771017464,"Biomin_Genes","Sacsin [Stylophora pistillata]","Uncharacterized biomineralization proteins","Sacsin [Stylophora pistillata]"
"48","Pocillopora_acuta_HIv2___RNAseq.g8520.t1",75.4558839837935,-9.92925405920252,4.22591586165725,2.46214938691221e-05,0.000246795070909897,"Searched Keywords","Hemicentin-1 (Fibulin-6) (FIBL-6)","Extracellular matrix/cell adhesion","Hemicentin-1 (Fibulin-6) (FIBL-6)"
"49","Pocillopora_acuta_HIv2___RNAseq.g21338.t1",59.1584510118534,0.28737516462922,1.07925185764303,3.27449878425349e-05,0.000317654932363799,"Biomin_Genes","CUB and peptidase domain-containing protein 2-like [Stylophora pistillata]","Extracellular matrix/cell adhesion","CUB and peptidase domain-containing p..."
"50","Pocillopora_acuta_HIv2___RNAseq.g1273.t1",2144.39075430026,4.34688608884601,2.70433876358007,4.31206050785086e-05,0.000401866257638884,"Searched Keywords","von Willebrand factor D and EGF domain-containing protein","Extracellular matrix/cell adhesion","von Willebrand factor D and EGF domai..."
"51","Pocillopora_acuta_HIv2___RNAseq.g30304.t2",2520.38767280819,4.31632728228393,2.36273965759511,5.5664474317708e-05,0.000501014907611281,"Biomin_Genes","CARP3 [Stylophora pistillata]","Acidic proteins","CARP3 [Stylophora pistillata]"
"52","Pocillopora_acuta_HIv2___TS.g5112.t1",7861.55930595759,-2.93840326438118,1.03214242944588,5.77456145738308e-05,0.000516212959948016,"Biomin_Genes","Annotated: N/A, named it CARP6-partial","Acidic proteins","Annotated: N/A, named it CARP6-partial"
"53","Pocillopora_acuta_HIv2___RNAseq.g26200.t1",29175.7743379683,2.4966419680763,0.788011791923838,8.0718090608159e-05,0.000691241244852819,"Searched Keywords","Collagen alpha-2(I) chain (Alpha-2 type I collagen)","Extracellular matrix/cell adhesion","Collagen alpha-2(I) chain (Alpha-2 ty..."
"54","Pocillopora_acuta_HIv2___RNAseq.g14375.t1",4079.04011946024,3.74259698673411,2.83932625023676,8.60679662978052e-05,0.000728856595158931,"Searched Keywords","Collagen alpha-5(VI) chain (Collagen alpha-1(XXIX) chain)","Extracellular matrix/cell adhesion","Collagen alpha-5(VI) chain (Collagen ..."
"55","Pocillopora_acuta_HIv2___RNAseq.g25220.t1",179.732680781666,-0.81452796087098,1.41588766483468,0.000102117697087446,0.000844983049583994,"Biomin_Genes","Sacsin [Stylophora pistillata]","Uncharacterized biomineralization proteins","Sacsin [Stylophora pistillata]"
"56","Pocillopora_acuta_HIv2___RNAseq.g1970.t1",1578.77647794326,2.32367224550683,3.37454760413364,0.000105569857889623,0.000866607505400397,"Biomin_Genes","SAARP1,Annotated: CARP4,Skeletal acidic Asp-rich Protein 1 (SAARP 1),skeletal aspartic acid-rich protein 1-like (CARP4)","Acidic proteins","SAARP1,Annotated: CARP4,Skeletal acid..."
"57","Pocillopora_acuta_HIv2___TS.g24066.t1",6081.75958151818,2.27236467858104,0.712818517900488,0.000109710952811205,0.000896981370717741,"Searched Keywords","Collagen alpha-2(IV) chain","Extracellular matrix/cell adhesion","Collagen alpha-2(IV) chain"
"58","Pocillopora_acuta_HIv2___TS.g15832.t1",7865.30278436561,2.46920800879449,0.82782381582165,0.00012136443215149,0.000980131293489197,"Searched Keywords","Collagen alpha-2(I) chain (Alpha-2 type I collagen)","Extracellular matrix/cell adhesion","Collagen alpha-2(I) chain (Alpha-2 ty..."
"59","Pocillopora_acuta_HIv2___RNAseq.g25717.t1",185.488429850844,-0.900082593089894,1.53258337029236,0.000126262980196379,0.00100954546465474,"Biomin_Genes","Sushi domain-containing","Extracellular matrix/cell adhesion","Sushi domain-containing"
"60","Pocillopora_acuta_HIv2___RNAseq.g28803.t1b",11712.5269697605,2.2404666232894,0.710158672741305,0.000131085851592478,0.00104406704704493,"Searched Keywords","Collagen alpha-2(I) chain (Alpha-2 type I collagen)","Extracellular matrix/cell adhesion","Collagen alpha-2(I) chain (Alpha-2 ty..."
"61","Pocillopora_acuta_HIv2___TS.g15792.t1",1425.84151006973,1.84831978257476,4.16660420247349,0.0001521937138584,0.00118004266605759,"Biomin_Genes","SAARP3,Acidic skeletal organic matrix protein (Acidic SOMP),Integrin - alpha","Acidic proteins","SAARP3,Acidic skeletal organic matrix..."
"62","Pocillopora_acuta_HIv2___TS.g1359.t1",25529.286334581,2.47815105957858,0.914519088854771,0.000244963592916238,0.0017831672913641,"Biomin_Genes","Collagen alpha-1 chain","Extracellular matrix/cell adhesion","Collagen alpha-1 chain"
"63","Pocillopora_acuta_HIv2___RNAseq.g25761.t1",1143.87904687794,2.57273208304089,1.00933724858769,0.000255962159106678,0.00184374336121463,"Searched Keywords","Collagen alpha-6(VI) chain","Extracellular matrix/cell adhesion","Collagen alpha-6(VI) chain"
"64","Pocillopora_acuta_HIv2___RNAseq.g22638.t1",17813.0516537474,2.41770324060026,0.909687734969702,0.000265595339116058,0.00190743345827938,"Searched Keywords","Collagen alpha-1(IV) chain (Collagen type IV alpha 1)","Extracellular matrix/cell adhesion","Collagen alpha-1(IV) chain (Collagen ..."
"65","Pocillopora_acuta_HIv2___RNAseq.g15832.t1",1352.41797806265,3.3894295233727,2.19647044125262,0.000296963496133971,0.00209423696152206,"Searched Keywords","MAM and LDL-receptor class A domain-containing protein 1 (Skeletal organic matrix MAM and LDL-receptor 1) (SOM MAM and LDL-receptor 1)","Extracellular matrix/cell adhesion","MAM and LDL-receptor class A domain-c..."
"66","Pocillopora_acuta_HIv2___TS.g23178.t1",7125.51468368757,2.60608822072426,1.06948560085297,0.000309803736586479,0.00217102773545874,"Searched Keywords","Collagen alpha-1(XXVII) chain B","Extracellular matrix/cell adhesion","Collagen alpha-1(XXVII) chain B"
"67","Pocillopora_acuta_HIv2___RNAseq.g25504.t1",34.3360566984089,-0.783158848551037,1.47088636462923,0.000312455453609942,0.00218749064908722,"Searched Keywords","Uncharacterized skeletal organic matrix protein 5 (Uncharacterized SOMP-5)","Uncharacterized biomineralization proteins","Uncharacterized skeletal organic matr..."
"68","Pocillopora_acuta_HIv2___TS.g24743.t1",131.030297610325,2.64964622769403,1.1383810650276,0.000428400206895985,0.00287002343332262,"Searched Keywords","Hemicentin-2","Extracellular matrix/cell adhesion","Hemicentin-2"
"69","Pocillopora_acuta_HIv2___RNAseq.g8148.t1",2320.13158146332,3.40378680699814,1.75761566839791,0.000578447398931376,0.00370698412855269,"Searched Keywords","Hemicentin-1 (Fibulin-6) (FIBL-6)","Extracellular matrix/cell adhesion","Hemicentin-1 (Fibulin-6) (FIBL-6)"
"70","Pocillopora_acuta_HIv2___RNAseq.g13823.t1",2705.40623241689,2.72371626570437,2.56817285255787,0.000582548893513735,0.0037283129184879,"Biomin_Genes","Mucin4-like protein,Mucin-4 [Stylophora pistillata]","Extracellular matrix/cell adhesion","Mucin4-like protein,Mucin-4 [Stylopho..."
"71","Pocillopora_acuta_HIv2___TS.g1350.t1",11229.3611067898,2.43601809861638,1.08398639701619,0.000596990469336906,0.00380726197023325,"Searched Keywords","Collagen alpha-2(I) chain (Alpha-2 type I collagen)","Extracellular matrix/cell adhesion","Collagen alpha-2(I) chain (Alpha-2 ty..."
"72","Pocillopora_acuta_HIv2___TS.g1340.t1b",4631.38078039568,1.95257579774711,0.729772977236345,0.000735367477960517,0.00452418341183366,"Searched Keywords","Collagen alpha-2(I) chain (Alpha-2 type I collagen)","Extracellular matrix/cell adhesion","Collagen alpha-2(I) chain (Alpha-2 ty..."
"73","Pocillopora_acuta_HIv2___RNAseq.g25624.t1",683.297056684884,0.787233727732652,1.35982958841923,0.000846971577489628,0.00509168615827514,"Searched Keywords","Hemicentin-1 (Fibulin-6) (FIBL-6)","Extracellular matrix/cell adhesion","Hemicentin-1 (Fibulin-6) (FIBL-6)"
"74","Pocillopora_acuta_HIv2___RNAseq.g14505.t1",13007.13582953,-1.6521379996252,0.579779809073668,0.000932225819675017,0.00552837812865086,"Biomin_Genes","Annotated: Actin","Actin","Annotated: Actin"
"75","Pocillopora_acuta_HIv2___TS.g13222.t1b",83516.7658841999,1.99379400425078,0.851509632077058,0.00126435290946046,0.00713523233805542,"Biomin_Genes","Annotated: Vitellogenin,clone g15888 vitellogenin-like protein gene,vitellogenin-like [Stylophora pistillata]","Extracellular matrix/cell adhesion","Annotated: Vitellogenin,clone g15888 ..."
"76","Pocillopora_acuta_HIv2___RNAseq.g30026.t2",185.577555627468,-0.311748016261699,1.05838081065398,0.0013893276587839,0.0077527913798805,"Biomin_Genes","synapsin-2-like isoform X2 [Stylophora pistillata]","Uncharacterized biomineralization proteins","synapsin-2-like isoform X2 [Stylophor..."
"77","Pocillopora_acuta_HIv2___RNAseq.g28794.t1",4693.2014611543,2.45308438999704,1.51873798800695,0.00139334450708056,0.00777220784821178,"Searched Keywords","Collagen alpha-2(I) chain (Alpha-2 type I collagen)","Extracellular matrix/cell adhesion","Collagen alpha-2(I) chain (Alpha-2 ty..."
"78","Pocillopora_acuta_HIv2___RNAseq.g5388.t1",1054.28576452956,2.06730103701734,2.03048774062087,0.00183696698416515,0.0098846318671744,"Searched Keywords","Hemicentin-1 (Fibulin-6) (FIBL-6)","Extracellular matrix/cell adhesion","Hemicentin-1 (Fibulin-6) (FIBL-6)"
"79","Pocillopora_acuta_HIv2___RNAseq.g13672.t1",133.713372981856,-2.57687862418985,2.97922414193061,0.001913459842685,0.0102535517670705,"Searched Keywords","Carbonic anhydrase 7 (EC 4.2.1.1) (Carbonate dehydratase VII) (Carbonic anhydrase VII) (CA-VII)","Enzymes","Carbonic anhydrase 7 (EC 4.2.1.1) (Ca..."
"80","Pocillopora_acuta_HIv2___RNAseq.g3907.t1",317.913878064101,-0.14518928339173,1.01125667779901,0.00245246749214713,0.0127324084014415,"Searched Keywords","Hemicentin-1 (Fibulin-6) (FIBL-6)","Extracellular matrix/cell adhesion","Hemicentin-1 (Fibulin-6) (FIBL-6)"
"81","Pocillopora_acuta_HIv2___RNAseq.g3780.t1",5713.7004064335,1.5747323394846,0.623786987012962,0.00245599105523922,0.0127461265242125,"Biomin_Genes","Annotated: Kielin-Like,Kielin/chordin like","Extracellular matrix/cell adhesion","Annotated: Kielin-Like,Kielin/chordin..."
"82","Pocillopora_acuta_HIv2___TS.g15590.t1",303.51019977438,3.24761958170764,2.14323068719467,0.00247139040439695,0.0128168486228747,"Searched Keywords","Hemicentin-1 (Fibulin-6) (FIBL-6)","Extracellular matrix/cell adhesion","Hemicentin-1 (Fibulin-6) (FIBL-6)"
"83","Pocillopora_acuta_HIv2___RNAseq.g13824.t1",254.407558188738,0.414080441399594,1.13571804798062,0.00254388684344037,0.0131645006452671,"Biomin_Genes","Annotated: carbonic anhydrase (STPCA2-2)","Enzymes","Annotated: carbonic anhydrase (STPCA2-2)"
"84","Pocillopora_acuta_HIv2___RNAseq.g30830.t1",78.9759147269695,-0.436824435723637,1.12909393965771,0.00297603571723646,0.0150771911082691,"Biomin_Genes","uncharacterized protein LOC111342641 [Stylophora pistillata]","Uncharacterized biomineralization proteins","uncharacterized protein LOC111342641 ..."
"85","Pocillopora_acuta_HIv2___TS.g31470.t2",249.566606320368,0.355011756562497,1.0837950919396,0.00300438798495013,0.0151942195154961,"Searched Keywords","Carbonic anhydrase 3 (EC 4.2.1.1) (Carbonate dehydratase III) (Carbonic anhydrase III) (CA-III)","Enzymes","Carbonic anhydrase 3 (EC 4.2.1.1) (Ca..."
"86","Pocillopora_acuta_HIv2___RNAseq.g7911.t1",177.427915885601,-0.289414312149552,1.06450468455484,0.00319288980123413,0.0159965216782301,"Searched Keywords","Collagen alpha-4(VI) chain","Extracellular matrix/cell adhesion","Collagen alpha-4(VI) chain"
"87","Pocillopora_acuta_HIv2___RNAseq.g27566.t1",2397.19026154867,1.8805923436699,1.0190086129168,0.00381167404232375,0.0185317826380406,"Biomin_Genes","Hephaestin-like protein,hephaestin-like protein [Stylophora pistillata]","Enzymes","Hephaestin-like protein,hephaestin-li..."
"88","Pocillopora_acuta_HIv2___TS.g12846.t1",763.407221878272,1.50561251229028,2.03962028988335,0.00405115384047185,0.0194864945622164,"Searched Keywords","Collagen alpha-1(XVII) chain (180 kDa bullous pemphigoid antigen 2) (Bullous pemphigoid antigen 2) [Cleaved into: 120 kDa linear IgA disease antigen homolog]","Extracellular matrix/cell adhesion","Collagen alpha-1(XVII) chain (180 kDa..."
"89","Pocillopora_acuta_HIv2___RNAseq.g26259.t1",150.033135100077,-0.322630987380159,1.08730360885735,0.00410226022032385,0.0196669180731734,"Searched Keywords","Collagen alpha-1(XVII) chain (180 kDa bullous pemphigoid antigen 2) (Bullous pemphigoid antigen 2) [Cleaved into: 120 kDa linear IgA disease antigen homolog]","Extracellular matrix/cell adhesion","Collagen alpha-1(XVII) chain (180 kDa..."
"90","Pocillopora_acuta_HIv2___RNAseq.g132.t1a",1606.91554636581,-0.830346087251085,1.40049179936846,0.00642648143761734,0.0288125729290296,"Searched Keywords","Collagen alpha-1(XVII) chain (180 kDa bullous pemphigoid antigen 2) (Bullous pemphigoid antigen 2) [Cleaved into: 120 kDa linear IgA disease antigen homolog]","Extracellular matrix/cell adhesion","Collagen alpha-1(XVII) chain (180 kDa..."
"91","Pocillopora_acuta_HIv2___TS.g24807.t1",6598.60729910285,-1.31902030938946,0.567959199835718,0.00643082367647007,0.0288151901042327,"Searched Keywords","Hemicentin-1 (Fibulin-6) (FIBL-6)","Extracellular matrix/cell adhesion","Hemicentin-1 (Fibulin-6) (FIBL-6)"
"92","Pocillopora_acuta_HIv2___TS.g24842.t1",1060.96838745298,0.647648275891883,1.30669378109545,0.00738180652030812,0.0324431630233171,"Searched Keywords","Hemicentin-2","Extracellular matrix/cell adhesion","Hemicentin-2"
"93","Pocillopora_acuta_HIv2___RNAseq.g23178.t1",407.628301957371,1.64722785319534,1.18097952300703,0.00899564289156773,0.0380558580823737,"Searched Keywords","Hemicentin-2","Extracellular matrix/cell adhesion","Hemicentin-2"
"94","Pocillopora_acuta_HIv2___RNAseq.g25890.t1",3245.87267948305,1.47207044152111,0.830247814845565,0.0117121340985221,0.0473990787915566,"Searched Keywords","MAM and LDL-receptor class A domain-containing protein 1 (Skeletal organic matrix MAM and LDL-receptor 1) (SOM MAM and LDL-receptor 1)","Extracellular matrix/cell adhesion","MAM and LDL-receptor class A domain-c..."
"95","Pocillopora_acuta_HIv2___RNAseq.g28798.t1",818.906562491054,0.618003359810606,1.27093562603179,0.0129531441853803,0.051692907415194,"Searched Keywords","Collagen alpha-2(I) chain (Alpha-2 type I collagen)","Extracellular matrix/cell adhesion","Collagen alpha-2(I) chain (Alpha-2 ty..."
"96","Pocillopora_acuta_HIv2___RNAseq.g3827.t1",489.911164788944,-0.586234254476628,1.14413688009767,0.0129589658661154,0.051692907415194,"Searched Keywords","Hemicentin-2","Extracellular matrix/cell adhesion","Hemicentin-2"
"97","Pocillopora_acuta_HIv2___RNAseq.g16433.t1",380.323253837966,0.361125810043871,1.08611428596609,0.0145322675044717,0.0570096873297204,"Biomin_Genes","polycystic kidney disease 1-related (PKD1-related) protein","Extracellular matrix/cell adhesion","polycystic kidney disease 1-related (..."
"98","Pocillopora_acuta_HIv2___RNAseq.g23689.t2",435.68808055228,1.45139135058533,1.05776252652887,0.014901124926858,0.0581792725422864,"Searched Keywords","Collagen alpha-3(VI) chain","Extracellular matrix/cell adhesion","Collagen alpha-3(VI) chain"
"99","Pocillopora_acuta_HIv2___RNAseq.g17078.t5a",929.622935474918,0.79262303132044,1.32827419977284,0.0156098939053152,0.0604178499990579,"Searched Keywords","Hemicentin-2","Extracellular matrix/cell adhesion","Hemicentin-2"
"100","Pocillopora_acuta_HIv2___RNAseq.g6438.t1a",64.9188546273738,-0.327100014737931,1.07642939132699,0.0161517406381545,0.0620831189450615,"Searched Keywords","Hemicentin-1 (Fibulin-6) (FIBL-6)","Extracellular matrix/cell adhesion","Hemicentin-1 (Fibulin-6) (FIBL-6)"
"101","Pocillopora_acuta_HIv2___RNAseq.g10680.t1a",335.843634829492,-0.37994369125706,1.1073420518105,0.0171262329394363,0.0653426096639428,"Searched Keywords","Hemicentin-1 (Fibulin-6) (FIBL-6)","Extracellular matrix/cell adhesion","Hemicentin-1 (Fibulin-6) (FIBL-6)"
"102","Pocillopora_acuta_HIv2___TS.g25115.t2",52.9483930534993,-0.598399834407231,1.26479417237066,0.0188909574430706,0.0709339871913647,"Searched Keywords","Collagen alpha-1(XVII) chain (180 kDa bullous pemphigoid antigen 2) (Bullous pemphigoid antigen 2) [Cleaved into: 120 kDa linear IgA disease antigen homolog]","Extracellular matrix/cell adhesion","Collagen alpha-1(XVII) chain (180 kDa..."
"103","Pocillopora_acuta_HIv2___RNAseq.g1775.t1",1995.60873695021,1.11051445021144,0.562641859945075,0.0199784713898726,0.0741513991815299,"Biomin_Genes","Annotated: USOMPS13,Stylophora pistillata clone g11702 hypothetical protein gene","Extracellular matrix/cell adhesion","Annotated: USOMPS13,Stylophora pistil..."
"104","Pocillopora_acuta_HIv2___RNAseq.g22388.t1",4553.81554452347,1.17350212254359,0.637160623303979,0.0206804141373876,0.0762287232627866,"Biomin_Genes","Annotated: Protocadherin (PC5)","Extracellular matrix/cell adhesion","Annotated: Protocadherin (PC5)"
"105","Pocillopora_acuta_HIv2___RNAseq.g11479.t1",1371.60334550016,0.951496923597363,1.39854433068675,0.0253781314376895,0.0901890155073073,"Biomin_Genes","Annotated: USOMP12,phosphopantothenoylcysteine decarboxylase subunit VHS3-like [Stylophora pistillata]","Extracellular matrix/cell adhesion","Annotated: USOMP12,phosphopantothenoy..."
"106","Pocillopora_acuta_HIv2___RNAseq.g28872.t1",594.144734701034,1.13000821848891,1.77410171067547,0.0260751800728198,0.092167987432372,"Searched Keywords","Collagen alpha-4(VI) chain","Extracellular matrix/cell adhesion","Collagen alpha-4(VI) chain"
"107","Pocillopora_acuta_HIv2___RNAseq.g25760.t2",3918.76891887153,1.27445129759378,1.72487274102046,0.0311128106668735,0.106714653423206,"Searched Keywords","Collagen alpha-4(VI) chain","Extracellular matrix/cell adhesion","Collagen alpha-4(VI) chain"
"108","Pocillopora_acuta_HIv2___RNAseq.g21517.t1",712.25465058565,-1.01767346045002,1.33037694964994,0.0329533843576333,0.111834291728956,"Biomin_Genes","Annotated: Fibronectin (Fibronectin-2)","Extracellular matrix/cell adhesion","Annotated: Fibronectin (Fibronectin-2)"
"109","Pocillopora_acuta_HIv2___TS.g25007.t2",712.83150668421,0.681992688769556,1.15050226300989,0.0423892637075259,0.136948472250537,"Searched Keywords","Collagen alpha-2(I) chain (Alpha-2 type I collagen)","Extracellular matrix/cell adhesion","Collagen alpha-2(I) chain (Alpha-2 ty..."
"110","Pocillopora_acuta_HIv2___RNAseq.g28792.t1",507.48145315756,0.697919430517523,1.13757286815221,0.0543845696364959,0.165569020253058,"Searched Keywords","Collagen alpha-1(XXIV) chain","Extracellular matrix/cell adhesion","Collagen alpha-1(XXIV) chain"
"111","Pocillopora_acuta_HIv2___RNAseq.g14504.t1a",1110.28625922538,-0.839225678753334,0.525788576421338,0.0627090080316193,0.185713163834836,"Biomin_Genes","Annotated: Actin","Actin","Annotated: Actin"
"112","Pocillopora_acuta_HIv2___TS.g26810.t1",5138.63644902218,0.915960430829047,0.61175212154875,0.0631631818884641,0.186450537892827,"Biomin_Genes","Annotated: USOMPS13,Stylophora pistillata clone g11702 hypothetical protein gene","Extracellular matrix/cell adhesion","Annotated: USOMPS13,Stylophora pistil..."
"113","Pocillopora_acuta_HIv2___RNAseq.g28776.t1",837.280990704429,1.02970998802135,1.09878644129918,0.070793207380511,0.203407419855326,"Searched Keywords","Collagen alpha-2(I) chain (Alpha-2 type I collagen)","Extracellular matrix/cell adhesion","Collagen alpha-2(I) chain (Alpha-2 ty..."
"114","Pocillopora_acuta_HIv2___RNAseq.g15831.t1",4705.78748115589,0.51216433207898,1.12239280668897,0.0711741446625175,0.204202624706101,"Searched Keywords","MAM and LDL-receptor class A domain-containing protein 2 (Skeletal organic matrix MAM and LDL-receptor 2) (SOM MAM and LDL-receptor 2)","Extracellular matrix/cell adhesion","MAM and LDL-receptor class A domain-c..."
"115","Pocillopora_acuta_HIv2___RNAseq.g21880.t1",246.366634875874,0.914429202686224,0.987825733657149,0.0732996217196685,0.20812833304933,"Searched Keywords","Collagen alpha-3(VI) chain","Extracellular matrix/cell adhesion","Collagen alpha-3(VI) chain"
"116","Pocillopora_acuta_HIv2___TS.g30561.t1a",11834.6407632086,-0.838449143975801,0.570998252545423,0.0773067640563752,0.217288191859971,"Biomin_Genes","Annotated: Actin","Actin","Annotated: Actin"
"117","Pocillopora_acuta_HIv2___RNAseq.g4085.t1",8442.25690348569,-0.924875086942368,0.759790878992851,0.0776633610532929,0.217835649198379,"Biomin_Genes","low-density lipoprotein receptor-related protein 8-like [Stylophora pistillata]","Uncharacterized biomineralization proteins","low-density lipoprotein receptor-rela..."
"118","Pocillopora_acuta_HIv2___TS.g4229.t1",90.2585846082947,-0.293539504891933,1.04438900014327,0.0804690397385956,0.223226733943047,"Searched Keywords","Hemicentin-1 (Fibulin-6) (FIBL-6)","Extracellular matrix/cell adhesion","Hemicentin-1 (Fibulin-6) (FIBL-6)"
"119","Pocillopora_acuta_HIv2___TS.g27663.t2",759.420664521967,1.01292631413228,1.05206184804781,0.0806331150206825,0.223424784609033,"Searched Keywords","Collagen alpha-1(XXIV) chain","Extracellular matrix/cell adhesion","Collagen alpha-1(XXIV) chain"
"120","Pocillopora_acuta_HIv2___RNAseq.g7402.t1",12540.9395078707,0.957823983082125,0.841958829386186,0.0809663339242493,0.224049594560703,"Biomin_Genes","sodium bicarbonate cotransporter 3-like isoform X2","Enzymes","sodium bicarbonate cotransporter 3-li..."
"121","Pocillopora_acuta_HIv2___RNAseq.g16196.t1",193.941287510038,0.814593656121647,1.04414817746343,0.0847017162188314,0.231243039522306,"Searched Keywords","Hemicentin-1 (Fibulin-6) (FIBL-6)","Extracellular matrix/cell adhesion","Hemicentin-1 (Fibulin-6) (FIBL-6)"
"122","Pocillopora_acuta_HIv2___TS.g29836.t1",682.052401788949,-0.87876918556898,0.686532303593124,0.0851575362002376,0.231986675582114,"Biomin_Genes","EP-like 2,EP-like1,Uncharacterized skeletal organic matrix protein-5 (USOMP-5)","Extracellular matrix/cell adhesion","EP-like 2,EP-like1,Uncharacterized sk..."
"123","Pocillopora_acuta_HIv2___TS.g24812.t1",191.326991543421,-0.690575200107918,1.09230535356578,0.100383903649921,0.262214017108632,"Searched Keywords","Hemicentin-2","Extracellular matrix/cell adhesion","Hemicentin-2"
"124","Pocillopora_acuta_HIv2___RNAseq.g1734.t1",265.739674943297,-0.069494964484194,1.00862671886938,0.10208043974316,0.265554346410698,"Searched Keywords","Hemicentin-1 (Fibulin-6) (FIBL-6)","Extracellular matrix/cell adhesion","Hemicentin-1 (Fibulin-6) (FIBL-6)"
"125","Pocillopora_acuta_HIv2___RNAseq.g17620.t1",1209.54011453039,0.644442678064374,1.11505793910585,0.102379038879362,0.266028516833706,"Searched Keywords","Carbonic anhydrase 14 (EC 4.2.1.1) (Carbonate dehydratase XIV) (Carbonic anhydrase XIV) (CA-XIV)","Enzymes","Carbonic anhydrase 14 (EC 4.2.1.1) (C..."
"126","Pocillopora_acuta_HIv2___RNAseq.g26510.t1",2484.61593175398,0.518234115902175,1.05711264420666,0.121842631034519,0.301717482500134,"Searched Keywords","Collagen alpha-3(VI) chain","Extracellular matrix/cell adhesion","Collagen alpha-3(VI) chain"
"127","Pocillopora_acuta_HIv2___RNAseq.g21232.t1",904.663964545125,0.788427874238794,0.692359376295909,0.122986794797307,0.303718798010628,"Biomin_Genes","uncharacterized protein LOC111323869 [Stylophora pistillata]","Uncharacterized biomineralization proteins","uncharacterized protein LOC111323869 ..."
"128","Pocillopora_acuta_HIv2___RNAseq.g4532.t1",118790.593685078,0.656897489761219,0.520235973012815,0.143104218861779,0.337825921595687,"Biomin_Genes","Annotated: Actin","Actin","Annotated: Actin"
"129","Pocillopora_acuta_HIv2___RNAseq.g14653.t1",71163.7074554405,0.738200334619756,0.746393706965369,0.14680257480485,0.343306781241286,"Biomin_Genes","Major yolk protein,major yolk protein-like isoform X2 [Stylophora pistillata]","Extracellular matrix/cell adhesion","Major yolk protein,major yolk protein..."
"130","Pocillopora_acuta_HIv2___RNAseq.g29114.t2",1562.81001154987,-0.674701342153198,0.564975123844283,0.148461081731184,0.346233648203781,"Searched Keywords","Collagen alpha-5(VI) chain (Collagen alpha-1(XXIX) chain) (von Willebrand factor A domain-containing protein 4)","Extracellular matrix/cell adhesion","Collagen alpha-5(VI) chain (Collagen ..."
"131","Pocillopora_acuta_HIv2___RNAseq.g17256.t1",129.910786247616,-0.0235996833926643,1.00116608493368,0.149293994852589,0.347671605465761,"Searched Keywords","Carbonic anhydrase 12 (EC 4.2.1.1) (Carbonate dehydratase XII) (Carbonic anhydrase XII) (CA-XII)","Enzymes","Carbonic anhydrase 12 (EC 4.2.1.1) (C..."
"132","Pocillopora_acuta_HIv2___RNAseq.g18013.t1",322.839303609797,-0.716575468328252,0.765513456792728,0.154607622300179,0.355523791565945,"Searched Keywords","Coadhesin","Extracellular matrix/cell adhesion","Coadhesin"
"133","Pocillopora_acuta_HIv2___TS.g11659.t1",1511.78563468886,0.668976275427283,0.560646152579892,0.157490202435406,0.360205295386735,"Biomin_Genes","microtubule-associated tumor suppressor 1 homolog isoform X1 [Stylophora pistillata],microtubule-associated tumor suppressor 1 homolog isoform X2 [Stylophora pistillata]","Extracellular matrix/cell adhesion","microtubule-associated tumor suppress..."
"134","Pocillopora_acuta_HIv2___RNAseq.g15280.t1",724.359240657232,0.333166578653415,1.07126827769042,0.193860177896567,0.414118093796476,"Biomin_Genes","solute carrier family 4 member gamma [Stylophora pistillata]","Enzymes","solute carrier family 4 member gamma ..."
"135","Pocillopora_acuta_HIv2___RNAseq.g17257.t1",2168.97525313793,-0.529384371018133,0.622411812690714,0.263889988104911,0.506893066128743,"Searched Keywords","Carbonic anhydrase (EC 4.2.1.1) (Carbonate dehydratase)","Enzymes","Carbonic anhydrase (EC 4.2.1.1) (Carb..."
"136","Pocillopora_acuta_HIv2___RNAseq.g24639.t1",1911.0588864324,-0.524167805809089,0.735574341274351,0.275864520673899,0.520561569083793,"Biomin_Genes","Acropora yongei Na+/Ca2+ exchanger","Enzymes","Acropora yongei Na+/Ca2+ exchanger"
"137","Pocillopora_acuta_HIv2___RNAseq.g14507.t1",34573.1283617131,-0.474255540197595,0.485402647034639,0.27719521366193,0.522254991586056,"Biomin_Genes","Annotated: Actin","Actin","Annotated: Actin"
"138","Pocillopora_acuta_HIv2___TS.g6007.t1",1384.84796882374,-0.382215839821609,0.962163638603968,0.293148476864738,0.540071273643048,"Biomin_Genes","sodium-independent sulfate anion transporter-like 2C transcript variant X1","Enzymes","sodium-independent sulfate anion tran..."
"139","Pocillopora_acuta_HIv2___RNAseq.g27376.t1",867.094678069726,-0.411249046290394,0.92910786807439,0.305394289119759,0.554022701345566,"Biomin_Genes","SLIT-ROBO Rho GTPase-activating protein 1-like [Stylophora pistillata]","Uncharacterized biomineralization proteins","SLIT-ROBO Rho GTPase-activating prote..."
"140","Pocillopora_acuta_HIv2___RNAseq.g10386.t1",47.6891229756302,-0.466912433406045,0.836850308887264,0.310466158941959,0.559762832396334,"Searched Keywords","Hemicentin-1 (Fibulin-6) (FIBL-6)","Extracellular matrix/cell adhesion","Hemicentin-1 (Fibulin-6) (FIBL-6)"
"141","Pocillopora_acuta_HIv2___TS.g24665.t1",3060.95491853991,-0.463117869779223,0.572146930941686,0.318039005651142,0.567565228591995,"Searched Keywords","Hemicentin-2","Extracellular matrix/cell adhesion","Hemicentin-2"
"142","Pocillopora_acuta_HIv2___RNAseq.g17662.t1",469.78820968159,0.334160245596362,0.971065558925085,0.321294451306523,0.571260349563312,"Searched Keywords","Uncharacterized skeletal organic matrix protein 7 (Uncharacterized SOMP-7)","Uncharacterized biomineralization proteins","Uncharacterized skeletal organic matr..."
"143","Pocillopora_acuta_HIv2___RNAseq.g15781.t1",7848.2333936042,-0.398875583355465,0.488688215964834,0.349160635196998,0.600506471758547,"Searched Keywords","Carbonic anhydrase 2 (EC 4.2.1.1) (Carbonate dehydratase II) (Carbonic anhydrase C) (CAC) (Carbonic anhydrase II) (CA-II) (Cyanamide hydratase CA2) (EC 4.2.1.69)","Enzymes","Carbonic anhydrase 2 (EC 4.2.1.1) (Ca..."
"144","Pocillopora_acuta_HIv2___RNAseq.g9197.t1",758.12885934562,0.274974119975382,0.976187788134194,0.36825016236197,0.617836718292952,"Searched Keywords","Hemicentin-2","Extracellular matrix/cell adhesion","Hemicentin-2"
"145","Pocillopora_acuta_HIv2___RNAseq.g28289.t1b",99.864516007225,-0.221667704914493,1.00577485965559,0.370428348411214,0.620052729015138,"Searched Keywords","Collagen alpha-1(XII) chain","Extracellular matrix/cell adhesion","Collagen alpha-1(XII) chain"
"146","Pocillopora_acuta_HIv2___RNAseq.g27976.t1",3759.1664184618,-0.422076737080471,0.723483920927727,0.370974751146823,0.620513854495691,"Biomin_Genes","plasma membrane calcium ATPase [Stylophora pistillata]","Enzymes","plasma membrane calcium ATPase [Stylo..."
"147","Pocillopora_acuta_HIv2___TS.g27873.t1",2115.79367987517,-0.434079699972221,0.692909348508831,0.375850922487758,0.625497903175963,"Biomin_Genes","band 3 anion transport protein-like","Enzymes","band 3 anion transport protein-like"
"148","Pocillopora_acuta_HIv2___RNAseq.g28908.t1",203.404947095743,0.0838130718065302,0.999528103760649,0.379058326551798,0.628029740577915,"Searched Keywords","Hemicentin-2","Extracellular matrix/cell adhesion","Hemicentin-2"
"149","Pocillopora_acuta_HIv2___RNAseq.g10688.t2",2141.31060756405,-0.417523712876129,0.663225647587551,0.381639261155507,0.630594176089866,"Biomin_Genes","Protocadherin","Extracellular matrix/cell adhesion","Protocadherin"
"150","Pocillopora_acuta_HIv2___TS.g6544.t2",349.958755017548,0.192083948452699,0.979119198381803,0.38218611610669,0.630899336152382,"Searched Keywords","MAM and LDL-receptor class A domain-containing protein 1 (Skeletal organic matrix MAM and LDL-receptor 1) (SOM MAM and LDL-receptor 1)","Extracellular matrix/cell adhesion","MAM and LDL-receptor class A domain-c..."
"151","Pocillopora_acuta_HIv2___TS.g6583.t1",3703.4353754674,-0.400270388571592,0.695608505373565,0.386779931451406,0.634571793161653,"Biomin_Genes","Annotated: Protoacadherin (PC4),Protocadherin-like,Annotated: Protocadherin (PC2),Annotated: Protocadherin (PC3),Annotated: Cadherin,Annotated: Protocadherin (PC1),Protocadherin fat-like","Extracellular matrix/cell adhesion","Annotated: Protoacadherin (PC4),Proto..."
"152","Pocillopora_acuta_HIv2___RNAseq.g19211.t1",869.163812628592,-0.328690818711756,0.913828192158817,0.409109809787558,0.654898229920241,"Biomin_Genes","endothelin-converting enzyme 1-like isoform X2 [Stylophora pistillata]","Extracellular matrix/cell adhesion","endothelin-converting enzyme 1-like i..."
"153","Pocillopora_acuta_HIv2___RNAseq.g29116.t1",1193.52260885447,0.364807434701015,0.537986377753477,0.422474942667715,0.666784555720296,"Searched Keywords","Collagen alpha-3(VI) chain","Extracellular matrix/cell adhesion","Collagen alpha-3(VI) chain"
"154","Pocillopora_acuta_HIv2___TS.g10175.t2b",378.746574691473,0.310820427291646,0.864106362032898,0.496883237866776,0.727141358077821,"Searched Keywords","Carbonic anhydrase 1 (EC 4.2.1.1) (Carbonate dehydratase I) (Carbonic anhydrase I) (CA-I) (Cyanamide hydratase CA1) (EC 4.2.1.69)","Enzymes","Carbonic anhydrase 1 (EC 4.2.1.1) (Ca..."
"155","Pocillopora_acuta_HIv2___TS.g6934.t1",30.4470523944521,-0.3233074154161,0.660067111990722,0.513637237393339,0.739100170151849,"Searched Keywords","Collagen alpha-3(VI) chain","Extracellular matrix/cell adhesion","Collagen alpha-3(VI) chain"
"156","Pocillopora_acuta_HIv2___RNAseq.g1118.t1",198.299388111433,0.0850521752554273,0.998332179586995,0.519349170386828,0.74367551732255,"Searched Keywords","Collagen alpha-3(VI) chain","Extracellular matrix/cell adhesion","Collagen alpha-3(VI) chain"
"157","Pocillopora_acuta_HIv2___RNAseq.g26512.t1",187.918430072319,0.0809818748761931,0.996198150269572,0.558912717065995,0.772785922917748,"Searched Keywords","Collagen alpha-3(VI) chain","Extracellular matrix/cell adhesion","Collagen alpha-3(VI) chain"
"158","Pocillopora_acuta_HIv2___RNAseq.g17258.t1",284.287426423851,0.26869035607626,0.739466865854836,0.577054753794787,0.786146741912762,"Searched Keywords","Carbonic anhydrase 2 (EC 4.2.1.1) (Carbonate dehydratase II) (Carbonic anhydrase II) (CA-II)","Enzymes","Carbonic anhydrase 2 (EC 4.2.1.1) (Ca..."
"159","Pocillopora_acuta_HIv2___RNAseq.g3607.t1",6119.71293825423,0.208796634268354,0.854272599819338,0.586544439225176,0.792950627998219,"Biomin_Genes","sulfate anion transporter 1-like isoform X1","Enzymes","sulfate anion transporter 1-like isof..."
"160","Pocillopora_acuta_HIv2___RNAseq.g1813.t1",321.215769180008,0.159272414397603,0.920513919567349,0.60412248543345,0.803349051145483,"Biomin_Genes","Annotated: Actin","Actin","Annotated: Actin"
"161","Pocillopora_acuta_HIv2___RNAseq.g13721.t1",81.2187897531458,-0.237101527892913,0.7355055251527,0.605928441920304,0.804243436892557,"Searched Keywords","Carbonic anhydrase (EC 4.2.1.1) (Carbonate dehydratase)","Enzymes","Carbonic anhydrase (EC 4.2.1.1) (Carb..."
"162","Pocillopora_acuta_HIv2___TS.g11444.t1",380.066355652078,-0.0707709138283045,0.985860525347213,0.606485945868163,0.804605389625645,"Searched Keywords","Collagen alpha-1(XXVII) chain B","Extracellular matrix/cell adhesion","Collagen alpha-1(XXVII) chain B"
"163","Pocillopora_acuta_HIv2___RNAseq.g7926.t1",29.3462179359,-0.175306139625779,0.871190248054879,0.651614384657442,0.834003850104848,"Searched Keywords","Collagen alpha-3(VI) chain","Extracellular matrix/cell adhesion","Collagen alpha-3(VI) chain"
"164","Pocillopora_acuta_HIv2___TS.g19102.t1",598.593913664784,0.165128121160387,0.857910954430194,0.661521595914502,0.840239761142946,"Biomin_Genes","sodium bicarbonate transporter-like protein 11","Enzymes","sodium bicarbonate transporter-like p..."
"165","Pocillopora_acuta_HIv2___RNAseq.g24337.t1",120.775478191666,-0.187716240242682,0.741346366718714,0.67015352959904,0.845992234671887,"Searched Keywords","Hemicentin-1 (Fibulin-6) (FIBL-6)","Extracellular matrix/cell adhesion","Hemicentin-1 (Fibulin-6) (FIBL-6)"
"166","Pocillopora_acuta_HIv2___TS.g1405.t1",1181.70836314976,-0.158732069292347,0.81631420514557,0.689533161289784,0.857056936549603,"Searched Keywords","Collagen alpha-3(VI) chain","Extracellular matrix/cell adhesion","Collagen alpha-3(VI) chain"
"167","Pocillopora_acuta_HIv2___RNAseq.g11609.t1",9936.42269936508,0.164018723340564,0.595328896306519,0.729301856263402,0.879509633020418,"Biomin_Genes","Flagellar associated protein","Uncharacterized biomineralization proteins","Flagellar associated protein"
"168","Pocillopora_acuta_HIv2___RNAseq.g23385.t1",1667.35285187834,-0.144328583013743,0.50321771816463,0.736998749444277,0.883616537795261,"Searched Keywords","Hemicentin-1 (Fibulin-6) (FIBL-6)","Extracellular matrix/cell adhesion","Hemicentin-1 (Fibulin-6) (FIBL-6)"
"169","Pocillopora_acuta_HIv2___RNAseq.g7914.t1",1243.70603045629,0.155685399050508,0.614972623209087,0.745203778046386,0.88749505522132,"Searched Keywords","Collagen alpha-5(VI) chain (Collagen alpha-1(XXIX) chain) (von Willebrand factor A domain-containing protein 4)","Extracellular matrix/cell adhesion","Collagen alpha-5(VI) chain (Collagen ..."
"170","Pocillopora_acuta_HIv2___RNAseq.g1634.t1",460.120539553291,-0.169167129801913,0.823845475489203,0.750525253597777,0.889875995412595,"Biomin_Genes","PHD finger protein 21A-like [Stylophora pistillata]","Uncharacterized biomineralization proteins","PHD finger protein 21A-like [Stylopho..."
"171","Pocillopora_acuta_HIv2___RNAseq.g1774.t1",483.31164242517,-0.128963818825961,0.740811613852427,0.754381375288144,0.892180884069314,"Biomin_Genes","Annotated: USOMPS13,Stylophora pistillata clone g11702 hypothetical protein gene","Extracellular matrix/cell adhesion","Annotated: USOMPS13,Stylophora pistil..."
"172","Pocillopora_acuta_HIv2___RNAseq.g1735.t1",72.5968507623456,-0.137245740886993,0.938690099154621,0.761244442727926,0.895682998229072,"Searched Keywords","Coadhesin","Extracellular matrix/cell adhesion","Coadhesin"
"173","Pocillopora_acuta_HIv2___RNAseq.g7085.t1",493.602677731208,-0.133481786720018,0.921687188740604,0.775359985432701,0.903327171107418,"Biomin_Genes","uncharacterized protein LOC111337489 [Stylophora pistillata]","Uncharacterized biomineralization proteins","uncharacterized protein LOC111337489 ..."
"174","Pocillopora_acuta_HIv2___RNAseq.g26221.t1",7058.80780230635,0.136219149119522,0.603876114457413,0.782679447136564,0.907614489167262,"Biomin_Genes","EGF and laminin G domain-containing protein,Laminin G domain-containing protein,Annotated: EGF and LamininG-Like (EGF LamG2),Annotated: EGF and LamininG-Like (EGF LamG1),Contactin-associated protein,Neurexin,EGF and laminin G domain-containing protein-like [Stylophora pistillata]","Extracellular matrix/cell adhesion","EGF and laminin G domain-containing p..."
"175","Pocillopora_acuta_HIv2___RNAseq.g17450.t1",135.44161070575,-0.041587944745987,1.0041819846593,0.867560390523645,0.948194918318756,"Searched Keywords","Beta carbonic anhydrase 1 (EC 4.2.1.1)","Enzymes","Beta carbonic anhydrase 1 (EC 4.2.1.1)"
"176","Pocillopora_acuta_HIv2___RNAseq.g24013.t1",119.686051423729,-0.0430649066750756,0.903204130564955,0.870797491099375,0.949587992101661,"Searched Keywords","Collagen alpha-4(VI) chain","Extracellular matrix/cell adhesion","Collagen alpha-4(VI) chain"
"177","Pocillopora_acuta_HIv2___RNAseq.g130.t1",51.4305332966518,-0.040248705035535,1.00871891132441,0.877947257981858,0.952967124626405,"Searched Keywords","Collagen alpha-5(VI) chain (Collagen alpha-1(XXIX) chain)","Extracellular matrix/cell adhesion","Collagen alpha-5(VI) chain (Collagen ..."
"178","Pocillopora_acuta_HIv2___RNAseq.g21501.t1",895.985610949847,0.0494884937791658,0.938545933263586,0.903193889237958,0.963547277396621,"Biomin_Genes","L-type calcium channel alpha-1 subunit","Enzymes","L-type calcium channel alpha-1 subunit"
"179","Pocillopora_acuta_HIv2___RNAseq.g2151.t1",87.7896214026073,0.0378111415831794,0.957097181330586,0.915303266978651,0.969039085584252,"Searched Keywords","Uncharacterized skeletal organic matrix protein 5 (Uncharacterized SOMP-5)","Uncharacterized biomineralization proteins","Uncharacterized skeletal organic matr..."
"180","Pocillopora_acuta_HIv2___RNAseq.g29395.t1",15262.0671070739,-0.0329785895439672,0.506602903829105,0.936794151279086,0.976536810721179,"Biomin_Genes","clone g1441 vitellogenin-like protein gene","Extracellular matrix/cell adhesion","clone g1441 vitellogenin-like protein..."
"181","Pocillopora_acuta_HIv2___RNAseq.g22851.t1",46744.2010732134,0.0350818217600906,0.49923968277096,0.942909610275316,0.978833896358475,"Biomin_Genes","Viral inclusion protein","Uncharacterized biomineralization proteins","Viral inclusion protein"
"182","Pocillopora_acuta_HIv2___RNAseq.g11668.t1",54.6581715751444,-0.0835345360598872,0.862374752940939,0.948087300177461,0.980070334409495,"Searched Keywords","Uncharacterized skeletal organic matrix protein 5 (Uncharacterized SOMP-5)","Uncharacterized biomineralization proteins","Uncharacterized skeletal organic matr..."
