"","gene_id_spA","cluster","source_sp","protein_id_spA","Standardized_Name_spA","protein_id_spB"
"1","Spis_XP_022797422_1","cnidocyte","Spis","XP_022797422.1","cnidocyte","Pocillopora_acuta_HIv2___TS.g19616.t2b"
"2","Spis_XP_022789499_1","cnidocyte","Spis","XP_022789499.1","cnidocyte","Pocillopora_acuta_HIv2___RNAseq.g11042.t1"
"3","Spis_XP_022795719_1","cnidocyte","Spis","XP_022795719.1","cnidocyte","Pocillopora_acuta_HIv2___RNAseq.g10337.t1"
"4","Spis_XP_022787371_1","cnidocyte","Spis","XP_022787371.1","cnidocyte","Pocillopora_acuta_HIv2___RNAseq.g28858.t1"
"5","Spis_XP_022789491_1","cnidocyte","Spis","XP_022789491.1","cnidocyte","Pocillopora_acuta_HIv2___RNAseq.g11039.t1"
"6","Spis_XP_022799416_1","cnidocyte","Spis","XP_022799416.1","cnidocyte","Pocillopora_acuta_HIv2___TS.g1506.t1c"
"7","Spis_XP_022797425_1","cnidocyte","Spis","XP_022797425.1","cnidocyte","Pocillopora_acuta_HIv2___RNAseq.g16538.t1"
"8","Spis_XP_022794104_1","cnidocyte","Spis","XP_022794104.1","cnidocyte","Pocillopora_acuta_HIv2___RNAseq.g30304.t2"
"9","Spis_XP_022807225_1","cnidocyte","Spis","XP_022807225.1","cnidocyte","Pocillopora_acuta_HIv2___TS.g11444.t1"
"10","Spis_XP_022799527_1","digestive_filaments","Spis","XP_022799527.1","digestive_filaments","Pocillopora_acuta_HIv2___RNAseq.g7076.t1"
"11","Spis_XP_022799527_1","digestive_filaments","Spis","XP_022799527.1","digestive_filaments","Pocillopora_acuta_HIv2___RNAseq.g7074.t1"
"12","Spis_XP_022777980_1","gastrodermis_musclelike","Spis","XP_022777980.1","muscle","Pocillopora_acuta_HIv2___RNAseq.g14920.t1a"
"13","Spis_XP_022799529_1","digestive_filaments","Spis","XP_022799529.1","digestive_filaments","Pocillopora_acuta_HIv2___RNAseq.g7078.t1"
"14","Spis_XP_022788034_1","gastrodermis_musclelike","Spis","XP_022788034.1","muscle","Pocillopora_acuta_HIv2___RNAseq.g30048.t1"
"15","Spis_XP_022777441_1","gastrodermis","Spis","XP_022777441.1","gastrodermis","Pocillopora_acuta_HIv2___TS.g22351.t2"
"16","Spis_XP_022777441_1","gastrodermis","Spis","XP_022777441.1","gastrodermis","Pocillopora_acuta_HIv2___RNAseq.g2445.t1"
"17","Spis_XP_022803038_1","gastrodermis","Spis","XP_022803038.1","gastrodermis","Pocillopora_acuta_HIv2___RNAseq.g13657.t1"
"18","Spis_XP_022792757_1","gastrodermis","Spis","XP_022792757.1","gastrodermis","Pocillopora_acuta_HIv2___RNAseq.g29112.t1"
"19","Spis_XP_022799213_1","gastrodermis","Spis","XP_022799213.1","gastrodermis","Pocillopora_acuta_HIv2___RNAseq.g3358.t1"
"20","Spis_XP_022803036_1","gastrodermis","Spis","XP_022803036.1","gastrodermis","Pocillopora_acuta_HIv2___RNAseq.g13657.t1"
"21","Spis_XP_022794351_1","gastrodermis","Spis","XP_022794351.1","gastrodermis","Pocillopora_acuta_HIv2___RNAseq.g25351.t1"
"22","Spis_XP_022787225_1","alga-hosting_cells","Spis","XP_022787225.1","gastrodermis_symbiont_containing","Pocillopora_acuta_HIv2___RNAseq.g28911.t1"
"23","Spis_XP_022785129_1","gastrodermis","Spis","XP_022785129.1","gastrodermis","Pocillopora_acuta_HIv2___RNAseq.g1071.t1"
"24","Spis_XP_022785129_1","gastrodermis","Spis","XP_022785129.1","gastrodermis","Pocillopora_acuta_HIv2___TS.g4645.t1"
"25","Spis_XP_022802206_1","gastrodermis","Spis","XP_022802206.1","gastrodermis","Pocillopora_acuta_HIv2___RNAseq.g9214.t1"
"26","Spis_XP_022807192_1","gastrodermis","Spis","XP_022807192.1","gastrodermis","Pocillopora_acuta_HIv2___RNAseq.g9214.t1"
"27","Spis_XP_022793420_1","gastrodermis","Spis","XP_022793420.1","gastrodermis","Pocillopora_acuta_HIv2___RNAseq.g16715.t1"
"28","Spis_XP_022785263_1","gastrodermis","Spis","XP_022785263.1","gastrodermis","Pocillopora_acuta_HIv2___RNAseq.g4202.t1"
"29","Spis_XP_022788977_1","gastrodermis","Spis","XP_022788977.1","gastrodermis","Pocillopora_acuta_HIv2___RNAseq.g8821.t1"
"30","Spis_XP_022806376_1","gastrodermis","Spis","XP_022806376.1","gastrodermis","Pocillopora_acuta_HIv2___RNAseq.g11124.t1"
"31","Spis_XP_022808048_1","gastrodermis","Spis","XP_022808048.1","gastrodermis","Pocillopora_acuta_HIv2___TS.g29836.t1"
"32","Spis_XP_022784948_1","gastrodermis","Spis","XP_022784948.1","gastrodermis","Pocillopora_acuta_HIv2___RNAseq.g2214.t1a"
"33","Spis_XP_022781398_1","gastrodermis","Spis","XP_022781398.1","gastrodermis","Pocillopora_acuta_HIv2___RNAseq.g11638.t1"
"34","Spis_XP_022806141_1","gastrodermis","Spis","XP_022806141.1","gastrodermis","Pocillopora_acuta_HIv2___RNAseq.g29290.t1"
"35","Spis_XP_022785952_1","gastrodermis","Spis","XP_022785952.1","gastrodermis","Pocillopora_acuta_HIv2___RNAseq.g30053.t1"
"36","Spis_XP_022795459_1","gastrodermis","Spis","XP_022795459.1","gastrodermis","Pocillopora_acuta_HIv2___RNAseq.g14504.t1a"
"37","Spis_XP_022795459_1","gastrodermis","Spis","XP_022795459.1","gastrodermis","Pocillopora_acuta_HIv2___TS.g30561.t1a"
"38","Spis_XP_022795459_1","gastrodermis","Spis","XP_022795459.1","gastrodermis","Pocillopora_acuta_HIv2___RNAseq.g1812.t1"
"39","Spis_XP_022795459_1","gastrodermis","Spis","XP_022795459.1","gastrodermis","Pocillopora_acuta_HIv2___RNAseq.g14505.t1"
"40","Spis_XP_022795459_1","gastrodermis","Spis","XP_022795459.1","gastrodermis","Pocillopora_acuta_HIv2___RNAseq.g1813.t1"
"41","Spis_XP_022795459_1","gastrodermis","Spis","XP_022795459.1","gastrodermis","Pocillopora_acuta_HIv2___RNAseq.g14507.t1"
"42","Spis_XP_022795459_1","gastrodermis","Spis","XP_022795459.1","gastrodermis","Pocillopora_acuta_HIv2___RNAseq.g4532.t1"
"43","Spis_XP_022777933_1","gastrodermis","Spis","XP_022777933.1","gastrodermis","Pocillopora_acuta_HIv2___RNAseq.g14504.t1a"
"44","Spis_XP_022777933_1","gastrodermis","Spis","XP_022777933.1","gastrodermis","Pocillopora_acuta_HIv2___TS.g30561.t1a"
"45","Spis_XP_022777933_1","gastrodermis","Spis","XP_022777933.1","gastrodermis","Pocillopora_acuta_HIv2___RNAseq.g1812.t1"
"46","Spis_XP_022777933_1","gastrodermis","Spis","XP_022777933.1","gastrodermis","Pocillopora_acuta_HIv2___RNAseq.g14505.t1"
"47","Spis_XP_022777933_1","gastrodermis","Spis","XP_022777933.1","gastrodermis","Pocillopora_acuta_HIv2___RNAseq.g1813.t1"
"48","Spis_XP_022777933_1","gastrodermis","Spis","XP_022777933.1","gastrodermis","Pocillopora_acuta_HIv2___RNAseq.g14507.t1"
"49","Spis_XP_022777933_1","gastrodermis","Spis","XP_022777933.1","gastrodermis","Pocillopora_acuta_HIv2___RNAseq.g4532.t1"
"50","Spis_XP_022788102_1","gastrodermis","Spis","XP_022788102.1","gastrodermis","Pocillopora_acuta_HIv2___RNAseq.10263_t"
"51","Spis_XP_022786917_1","alga-hosting_cells","Spis","XP_022786917.1","gastrodermis_symbiont_containing","Pocillopora_acuta_HIv2___RNAseq.g14653.t1"
"52","Spis_XP_022797097_1","gastrodermis","Spis","XP_022797097.1","gastrodermis","Pocillopora_acuta_HIv2___RNAseq.g16773.t1"
"53","Spis_XP_022781017_1","gastrodermis","Spis","XP_022781017.1","gastrodermis","Pocillopora_acuta_HIv2___RNAseq.g8098.t1"
"54","Spis_XP_022798372_1","gastrodermis","Spis","XP_022798372.1","gastrodermis","Pocillopora_acuta_HIv2___RNAseq.g22802.t1"
"55","Spis_XP_022787579_1","gastrodermis","Spis","XP_022787579.1","gastrodermis","Pocillopora_acuta_HIv2___RNAseq.g12378.t1"
"56","Spis_XP_022787579_1","gastrodermis","Spis","XP_022787579.1","gastrodermis","Pocillopora_acuta_HIv2___RNAseq.g12374.t1"
"57","Spis_XP_022798800_1","gastrodermis","Spis","XP_022798800.1","gastrodermis","Pocillopora_acuta_HIv2___RNAseq.g9383.t1"
"58","Spis_XP_022797903_1","gastrodermis","Spis","XP_022797903.1","gastrodermis","Pocillopora_acuta_HIv2___RNAseq.g22802.t1"
"59","Spis_XP_022782026_1","alga-hosting_cells","Spis","XP_022782026.1","gastrodermis_symbiont_containing","Pocillopora_acuta_HIv2___RNAseq.g1922.t1"
"60","Spis_XP_022804248_1","gastrodermis","Spis","XP_022804248.1","gastrodermis","Pocillopora_acuta_HIv2___RNAseq.g11198.t1"
"61","Spis_XP_022804248_1","gastrodermis","Spis","XP_022804248.1","gastrodermis","Pocillopora_acuta_HIv2___RNAseq.g26156.t1"
"62","Spis_XP_022804248_1","gastrodermis","Spis","XP_022804248.1","gastrodermis","Pocillopora_acuta_HIv2___RNAseq.g26160.t1"
"63","Spis_XP_022778233_1","epidermis_1","Spis","XP_022778233.1","epidermis","Pocillopora_acuta_HIv2___RNAseq.g11198.t1"
"64","Spis_XP_022778233_1","epidermis_1","Spis","XP_022778233.1","epidermis","Pocillopora_acuta_HIv2___RNAseq.g26156.t1"
"65","Spis_XP_022778233_1","epidermis_1","Spis","XP_022778233.1","epidermis","Pocillopora_acuta_HIv2___RNAseq.g26160.t1"
"66","Spis_XP_022798553_1","immune_1","Spis","XP_022798553.1","immune","Pocillopora_acuta_HIv2___RNAseq.g11198.t1"
"67","Spis_XP_022798553_1","immune_1","Spis","XP_022798553.1","immune","Pocillopora_acuta_HIv2___RNAseq.g26156.t1"
"68","Spis_XP_022798553_1","immune_1","Spis","XP_022798553.1","immune","Pocillopora_acuta_HIv2___RNAseq.g26160.t1"
"69","Spis_XP_022779176_1","gastrodermis","Spis","XP_022779176.1","gastrodermis","Pocillopora_acuta_HIv2___RNAseq.g22638.t1"
"70","Spis_XP_022790303_1","gastrodermis","Spis","XP_022790303.1","gastrodermis","Pocillopora_acuta_HIv2___RNAseq.g17515.t1"
"71","Spis_XP_022781920_1","gastrodermis","Spis","XP_022781920.1","gastrodermis","Pocillopora_acuta_HIv2___TS.g3633.t1"
"72","Spis_XP_022781920_1","gastrodermis","Spis","XP_022781920.1","gastrodermis","Pocillopora_acuta_HIv2___TS.g13461.t1"
"73","Spis_XP_022781920_1","gastrodermis","Spis","XP_022781920.1","gastrodermis","Pocillopora_acuta_HIv2___RNAseq.g13121.t1"
"74","Spis_XP_022779763_1","gastrodermis","Spis","XP_022779763.1","gastrodermis","Pocillopora_acuta_HIv2___RNAseq.g19634.t1"
"75","Spis_XP_022779763_1","gastrodermis","Spis","XP_022779763.1","gastrodermis","Pocillopora_acuta_HIv2___RNAseq.g19633.t1"
"76","Spis_XP_022779763_1","gastrodermis","Spis","XP_022779763.1","gastrodermis","Pocillopora_acuta_HIv2___RNAseq.30017_t"
"77","Spis_XP_022795243_1","gastrodermis","Spis","XP_022795243.1","gastrodermis","Pocillopora_acuta_HIv2___RNAseq.g5896.t1"
"78","Spis_XP_022784039_1","gastrodermis","Spis","XP_022784039.1","gastrodermis","Pocillopora_acuta_HIv2___RNAseq.g27047.t1"
"79","Spis_XP_022803630_1","gastrodermis","Spis","XP_022803630.1","gastrodermis","Pocillopora_acuta_HIv2___TS.g1498.t1"
"80","Spis_XP_022808870_1","gastrodermis","Spis","XP_022808870.1","gastrodermis","Pocillopora_acuta_HIv2___RNAseq.g13657.t1"
"81","Spis_XP_022791078_1","gastrodermis","Spis","XP_022791078.1","gastrodermis","Pocillopora_acuta_HIv2___RNAseq.g18002.t1"
"82","Spis_XP_022786231_1","gastrodermis","Spis","XP_022786231.1","gastrodermis","Pocillopora_acuta_HIv2___RNAseq.g14341.t1"
"83","Spis_XP_022786231_1","gastrodermis","Spis","XP_022786231.1","gastrodermis","Pocillopora_acuta_HIv2___RNAseq.g14347.t1"
"84","Spis_XP_022803311_1","gastrodermis","Spis","XP_022803311.1","gastrodermis","Pocillopora_acuta_HIv2___RNAseq.g14373.t1"
"85","Spis_XP_022803311_1","gastrodermis","Spis","XP_022803311.1","gastrodermis","Pocillopora_acuta_HIv2___RNAseq.g14371.t1"
"86","Spis_XP_022803311_1","gastrodermis","Spis","XP_022803311.1","gastrodermis","Pocillopora_acuta_HIv2___TS.g12856.t1"
"87","Spis_XP_022803311_1","gastrodermis","Spis","XP_022803311.1","gastrodermis","Pocillopora_acuta_HIv2___RNAseq.g14367.t1"
"88","Spis_XP_022803311_1","gastrodermis","Spis","XP_022803311.1","gastrodermis","Pocillopora_acuta_HIv2___RNAseq.g18129.t1"
"89","Spis_XP_022803311_1","gastrodermis","Spis","XP_022803311.1","gastrodermis","Pocillopora_acuta_HIv2___TS.g12855.t1"
"90","Spis_XP_022803311_1","gastrodermis","Spis","XP_022803311.1","gastrodermis","Pocillopora_acuta_HIv2___TS.g12860.t1"
"91","Spis_XP_022803311_1","gastrodermis","Spis","XP_022803311.1","gastrodermis","Pocillopora_acuta_HIv2___RNAseq.g14363.t1"
"92","Spis_XP_022797264_1","epidermis_1","Spis","XP_022797264.1","epidermis","Pocillopora_acuta_HIv2___RNAseq.g22851.t1"
"93","Spis_XP_022791957_1","neuron_12","Spis","XP_022791957.1","neuron","Pocillopora_acuta_HIv2___RNAseq.g10791.t1a"
"94","Spis_XP_022787504_1","gastrodermis","Spis","XP_022787504.1","gastrodermis","Pocillopora_acuta_HIv2___RNAseq.g15330.t1"
"95","Spis_XP_022791312_1","gastrodermis","Spis","XP_022791312.1","gastrodermis","Pocillopora_acuta_HIv2___RNAseq.g8105.t1"
"96","Spis_XP_022803796_1","gastrodermis","Spis","XP_022803796.1","gastrodermis","Pocillopora_acuta_HIv2___RNAseq.10171_t"
"97","Spis_XP_022783421_1","digestive_filaments","Spis","XP_022783421.1","digestive_filaments","Pocillopora_acuta_HIv2___RNAseq.g6438.t1b"
"98","Spis_XP_022783421_1","digestive_filaments","Spis","XP_022783421.1","digestive_filaments","Pocillopora_acuta_HIv2___TS.g23497.t1a"
"99","Spis_XP_022783421_1","digestive_filaments","Spis","XP_022783421.1","digestive_filaments","Pocillopora_acuta_HIv2___TS.g23495.t1"
"100","Spis_XP_022783421_1","digestive_filaments","Spis","XP_022783421.1","digestive_filaments","Pocillopora_acuta_HIv2___RNAseq.g6442.t1"
"101","Spis_XP_022783421_1","digestive_filaments","Spis","XP_022783421.1","digestive_filaments","Pocillopora_acuta_HIv2___RNAseq.g6439.t1"
"102","Spis_XP_022795301_1","digestive_filaments","Spis","XP_022795301.1","digestive_filaments","Pocillopora_acuta_HIv2___RNAseq.g9756.t1"
"103","Spis_XP_022784353_1","gastrodermis","Spis","XP_022784353.1","gastrodermis","Pocillopora_acuta_HIv2___TS.g21326.t1"
"104","Spis_XP_022795100_1","gastrodermis","Spis","XP_022795100.1","gastrodermis","Pocillopora_acuta_HIv2___RNAseq.g26866.t1"
"105","Spis_XP_022795100_1","gastrodermis","Spis","XP_022795100.1","gastrodermis","Pocillopora_acuta_HIv2___TS.g17927.t1"
"106","Spis_XP_022797095_1","gastrodermis","Spis","XP_022797095.1","gastrodermis","Pocillopora_acuta_HIv2___RNAseq.g16781.t1"
"107","Spis_XP_022779287_1","gastrodermis","Spis","XP_022779287.1","gastrodermis","Pocillopora_acuta_HIv2___RNAseq.g28795.t1"
"108","Spis_XP_022786707_1","epidermis_1","Spis","XP_022786707.1","epidermis","Pocillopora_acuta_HIv2___TS.g8000.t1"
"109","Spis_XP_022795291_1","gastrodermis","Spis","XP_022795291.1","gastrodermis","Pocillopora_acuta_HIv2___RNAseq.g9759.t1"
"110","Spis_XP_022809543_1","gastrodermis","Spis","XP_022809543.1","gastrodermis","Pocillopora_acuta_HIv2___RNAseq.g27371.t1"
"111","Spis_XP_022802100_1","gastrodermis","Spis","XP_022802100.1","gastrodermis","Pocillopora_acuta_HIv2___RNAseq.g26455.t1"
"112","Spis_XP_022786709_1","alga-hosting_cells","Spis","XP_022786709.1","gastrodermis_symbiont_containing","Pocillopora_acuta_HIv2___RNAseq.g4855.t1"
"113","Spis_XP_022796708_1","alga-hosting_cells","Spis","XP_022796708.1","gastrodermis_symbiont_containing","Pocillopora_acuta_HIv2___RNAseq.g6227.t1"
"114","Spis_XP_022789093_1","alga-hosting_cells","Spis","XP_022789093.1","gastrodermis_symbiont_containing","Pocillopora_acuta_HIv2___RNAseq.g12972.t1"
"115","Spis_XP_022803736_1","alga-hosting_cells","Spis","XP_022803736.1","gastrodermis_symbiont_containing","Pocillopora_acuta_HIv2___RNAseq.g15478.t1"
"116","Spis_XP_022803736_1","alga-hosting_cells","Spis","XP_022803736.1","gastrodermis_symbiont_containing","Pocillopora_acuta_HIv2___RNAseq.g15477.t1"
"117","Spis_XP_022803736_1","alga-hosting_cells","Spis","XP_022803736.1","gastrodermis_symbiont_containing","Pocillopora_acuta_HIv2___RNAseq.g28122.t1"
"118","Spis_XP_022783728_1","alga-hosting_cells","Spis","XP_022783728.1","gastrodermis_symbiont_containing","Pocillopora_acuta_HIv2___RNAseq.g10343.t1"
"119","Spis_XP_022806423_1","alga-hosting_cells","Spis","XP_022806423.1","gastrodermis_symbiont_containing","Pocillopora_acuta_HIv2___RNAseq.g24848.t2"
"120","Spis_XP_022790445_1","alga-hosting_cells","Spis","XP_022790445.1","gastrodermis_symbiont_containing","Pocillopora_acuta_HIv2___RNAseq.g1623.t1"
"121","Spis_XP_022805523_1","alga-hosting_cells","Spis","XP_022805523.1","gastrodermis_symbiont_containing","Pocillopora_acuta_HIv2___RNAseq.g7847.t1"
"122","Spis_XP_022781957_1","alga-hosting_cells","Spis","XP_022781957.1","gastrodermis_symbiont_containing","Pocillopora_acuta_HIv2___RNAseq.g1912.t1"
"123","Spis_XP_022794254_1","alga-hosting_cells","Spis","XP_022794254.1","gastrodermis_symbiont_containing","Pocillopora_acuta_HIv2___RNAseq.g15781.t1"
"124","Spis_XP_022793409_1","mitotic_host_cells","Spis","XP_022793409.1","gastrodermis_symbiont_containing","Pocillopora_acuta_HIv2___RNAseq.g15440.t1"
"125","Spis_XP_022787226_1","gastrodermis","Spis","XP_022787226.1","gastrodermis","Pocillopora_acuta_HIv2___RNAseq.g28910.t1"
"126","Spis_XP_022804025_1","mitotic_host_cells","Spis","XP_022804025.1","gastrodermis_symbiont_containing","Pocillopora_acuta_HIv2___TS.g25526.t1"
"127","Spis_XP_022779499_1","mitotic_host_cells","Spis","XP_022779499.1","gastrodermis_symbiont_containing","Pocillopora_acuta_HIv2___RNAseq.g5297.t1"
"128","Spis_XP_022779499_1","mitotic_host_cells","Spis","XP_022779499.1","gastrodermis_symbiont_containing","Pocillopora_acuta_HIv2___RNAseq.g5298.t1"
"129","Spis_XP_022779499_1","mitotic_host_cells","Spis","XP_022779499.1","gastrodermis_symbiont_containing","Pocillopora_acuta_HIv2___RNAseq.g29286.t1"
"130","Spis_XP_022779499_1","mitotic_host_cells","Spis","XP_022779499.1","gastrodermis_symbiont_containing","Pocillopora_acuta_HIv2___RNAseq.g5300.t1"
"131","Spis_XP_022801783_1","germline_sperm","Spis","XP_022801783.1","germline","Pocillopora_acuta_HIv2___RNAseq.g5297.t1"
"132","Spis_XP_022801783_1","germline_sperm","Spis","XP_022801783.1","germline","Pocillopora_acuta_HIv2___RNAseq.g5298.t1"
"133","Spis_XP_022801783_1","germline_sperm","Spis","XP_022801783.1","germline","Pocillopora_acuta_HIv2___RNAseq.g29286.t1"
"134","Spis_XP_022801783_1","germline_sperm","Spis","XP_022801783.1","germline","Pocillopora_acuta_HIv2___RNAseq.g5300.t1"
"135","Spis_XP_022801030_1","mitotic_host_cells","Spis","XP_022801030.1","gastrodermis_symbiont_containing","Pocillopora_acuta_HIv2___RNAseq.g16512.t1"
"136","Spis_XP_022779498_1","germline_sperm","Spis","XP_022779498.1","germline","Pocillopora_acuta_HIv2___RNAseq.g5297.t1"
"137","Spis_XP_022779498_1","germline_sperm","Spis","XP_022779498.1","germline","Pocillopora_acuta_HIv2___RNAseq.g5298.t1"
"138","Spis_XP_022779498_1","germline_sperm","Spis","XP_022779498.1","germline","Pocillopora_acuta_HIv2___RNAseq.g29286.t1"
"139","Spis_XP_022779498_1","germline_sperm","Spis","XP_022779498.1","germline","Pocillopora_acuta_HIv2___RNAseq.g5300.t1"
"140","Spis_XP_022780799_1","mitotic_host_cells","Spis","XP_022780799.1","gastrodermis_symbiont_containing","Pocillopora_acuta_HIv2___RNAseq.g4010.t1"
"141","Spis_XP_022787013_1","mitotic_host_cells","Spis","XP_022787013.1","gastrodermis_symbiont_containing","Pocillopora_acuta_HIv2___TS.g14655.t2"
"142","Spis_XP_022794089_1","unknown","Spis","XP_022794089.1","unidentified","Pocillopora_acuta_HIv2___RNAseq.g5488.t1"
"143","Spis_XP_022799501_1","mitotic_host_cells","Spis","XP_022799501.1","gastrodermis_symbiont_containing","Pocillopora_acuta_HIv2___RNAseq.g22424.t1"
"144","Spis_XP_022803859_1","epidermis_1","Spis","XP_022803859.1","epidermis","Pocillopora_acuta_HIv2___TS.g5112.t1"
"145","Spis_XP_022799427_1","germline_sperm","Spis","XP_022799427.1","germline","Pocillopora_acuta_HIv2___RNAseq.g26396.t1"
"146","Spis_XP_022799427_1","germline_sperm","Spis","XP_022799427.1","germline","Pocillopora_acuta_HIv2___RNAseq.g26395.t1"
"147","Spis_XP_022799427_1","germline_sperm","Spis","XP_022799427.1","germline","Pocillopora_acuta_HIv2___RNAseq.g148.t1"
"148","Spis_XP_022799427_1","germline_sperm","Spis","XP_022799427.1","germline","Pocillopora_acuta_HIv2___RNAseq.g26394.t1"
"149","Spis_XP_022799427_1","germline_sperm","Spis","XP_022799427.1","germline","Pocillopora_acuta_HIv2___TS.g29293.t2b"
"150","Spis_XP_022799427_1","germline_sperm","Spis","XP_022799427.1","germline","Pocillopora_acuta_HIv2___RNAseq.g9558.t1"
"151","Spis_XP_022799427_1","germline_sperm","Spis","XP_022799427.1","germline","Pocillopora_acuta_HIv2___RNAseq.g26393.t1"
"152","Spis_XP_022799427_1","germline_sperm","Spis","XP_022799427.1","germline","Pocillopora_acuta_HIv2___RNAseq.g9557.t1"
"153","Spis_XP_022806608_1","germline_sperm","Spis","XP_022806608.1","germline","Pocillopora_acuta_HIv2___RNAseq.g21637.t1"
"154","Spis_XP_022781901_1","germline_sperm","Spis","XP_022781901.1","germline","Pocillopora_acuta_HIv2___TS.g15784.t1"
"155","Spis_XP_022781901_1","germline_sperm","Spis","XP_022781901.1","germline","Pocillopora_acuta_HIv2___RNAseq.g13168.t1"
"156","Spis_XP_022781901_1","germline_sperm","Spis","XP_022781901.1","germline","Pocillopora_acuta_HIv2___RNAseq.g13171.t1"
"157","Spis_XP_022789587_1","germline_sperm","Spis","XP_022789587.1","germline","Pocillopora_acuta_HIv2___RNAseq.g19195.t1"
"158","Spis_XP_022793819_1","germline_sperm","Spis","XP_022793819.1","germline","Pocillopora_acuta_HIv2___TS.g27296.t1"
"159","Spis_XP_022788591_1","digestive_filaments","Spis","XP_022788591.1","digestive_filaments","Pocillopora_acuta_HIv2___RNAseq.g17404.t1"
"160","Spis_XP_022806845_1","digestive_filaments","Spis","XP_022806845.1","digestive_filaments","Pocillopora_acuta_HIv2___RNAseq.g14358.t1"
"161","Spis_XP_022806845_1","digestive_filaments","Spis","XP_022806845.1","digestive_filaments","Pocillopora_acuta_HIv2___TS.g12842.t1"
"162","Spis_XP_022805580_1","digestive_filaments","Spis","XP_022805580.1","digestive_filaments","Pocillopora_acuta_HIv2___RNAseq.g4500.t1"
"163","Spis_XP_022796045_1","neuron_1","Spis","XP_022796045.1","neuron","Pocillopora_acuta_HIv2___TS.g20774.t2"
"164","Spis_XP_022797242_1","digestive_filaments","Spis","XP_022797242.1","digestive_filaments","Pocillopora_acuta_HIv2___RNAseq.g22853.t1"
"165","Spis_XP_022795139_1","digestive_filaments","Spis","XP_022795139.1","digestive_filaments","Pocillopora_acuta_HIv2___RNAseq.g3447.t1"
"166","Spis_XP_022805987_1","digestive_filaments","Spis","XP_022805987.1","digestive_filaments","Pocillopora_acuta_HIv2___RNAseq.g14916.t1"
"167","Spis_XP_022805987_1","digestive_filaments","Spis","XP_022805987.1","digestive_filaments","Pocillopora_acuta_HIv2___RNAseq.g14915.t1"
"168","Spis_XP_022779036_1","digestive_filaments","Spis","XP_022779036.1","digestive_filaments","Pocillopora_acuta_HIv2___RNAseq.5778_t"
"169","Spis_XP_022779036_1","digestive_filaments","Spis","XP_022779036.1","digestive_filaments","Pocillopora_acuta_HIv2___RNAseq.g14057.t1"
"170","Spis_XP_022806534_1","digestive_filaments","Spis","XP_022806534.1","digestive_filaments","Pocillopora_acuta_HIv2___TS.g22622.t1"
"171","Spis_XP_022807059_1","digestive_filaments","Spis","XP_022807059.1","digestive_filaments","Pocillopora_acuta_HIv2___RNAseq.g28197.t1"
"172","Spis_XP_022791263_1","digestive_filaments","Spis","XP_022791263.1","digestive_filaments","Pocillopora_acuta_HIv2___RNAseq.g592.t1"
"173","Spis_XP_022810261_1","digestive_filaments","Spis","XP_022810261.1","digestive_filaments","Pocillopora_acuta_HIv2___RNAseq.g13715.t1"
"174","Spis_XP_022807516_1","neuron_1","Spis","XP_022807516.1","neuron","Pocillopora_acuta_HIv2___TS.g17618.t2"
"175","Spis_XP_022798775_1","digestive_filaments","Spis","XP_022798775.1","digestive_filaments","Pocillopora_acuta_HIv2___RNAseq.g30859.t1"
"176","Spis_XP_022806567_1","digestive_filaments","Spis","XP_022806567.1","digestive_filaments","Pocillopora_acuta_HIv2___RNAseq.g7107.t1"
"177","Spis_XP_022806567_1","digestive_filaments","Spis","XP_022806567.1","digestive_filaments","Pocillopora_acuta_HIv2___TS.g17020.t1"
"178","Spis_XP_022806567_1","digestive_filaments","Spis","XP_022806567.1","digestive_filaments","Pocillopora_acuta_HIv2___RNAseq.g7101.t1"
"179","Spis_XP_022806567_1","digestive_filaments","Spis","XP_022806567.1","digestive_filaments","Pocillopora_acuta_HIv2___TS.g17026.t1"
"180","Spis_XP_022806567_1","digestive_filaments","Spis","XP_022806567.1","digestive_filaments","Pocillopora_acuta_HIv2___TS.g17019.t1"
"181","Spis_XP_022782245_1","digestive_filaments","Spis","XP_022782245.1","digestive_filaments","Pocillopora_acuta_HIv2___RNAseq.g13955.t1"
"182","Spis_XP_022782245_1","digestive_filaments","Spis","XP_022782245.1","digestive_filaments","Pocillopora_acuta_HIv2___RNAseq.g13952.t1"
"183","Spis_XP_022777874_1","digestive_filaments","Spis","XP_022777874.1","digestive_filaments","Pocillopora_acuta_HIv2___TS.g12436.t1a"
"184","Spis_XP_022789725_1","digestive_filaments","Spis","XP_022789725.1","digestive_filaments","Pocillopora_acuta_HIv2___RNAseq.g2521.t1"
"185","Spis_XP_022787831_1","digestive_filaments","Spis","XP_022787831.1","digestive_filaments","Pocillopora_acuta_HIv2___RNAseq.g13097.t1"
"186","Spis_XP_022787831_1","digestive_filaments","Spis","XP_022787831.1","digestive_filaments","Pocillopora_acuta_HIv2___RNAseq.g13098.t1"
"187","Spis_XP_022787831_1","digestive_filaments","Spis","XP_022787831.1","digestive_filaments","Pocillopora_acuta_HIv2___TS.g15715.t1"
"188","Spis_XP_022798424_1","epidermis_1","Spis","XP_022798424.1","epidermis","Pocillopora_acuta_HIv2___RNAseq.g17090.t1"
"189","Spis_XP_022786238_1","epidermis_1","Spis","XP_022786238.1","epidermis","Pocillopora_acuta_HIv2___RNAseq.g14330.t3"
"190","Spis_XP_022786238_1","epidermis_1","Spis","XP_022786238.1","epidermis","Pocillopora_acuta_HIv2___RNAseq.g14336.t1"
"191","Spis_XP_022803774_1","epidermis_1","Spis","XP_022803774.1","epidermis","Pocillopora_acuta_HIv2___RNAseq.g25504.t1"
"192","Spis_XP_022780954_1","calicoblast","Spis","XP_022780954.1","calicoblast","Pocillopora_acuta_HIv2___RNAseq.g18123.t1"
"193","Spis_XP_022798766_1","calicoblast","Spis","XP_022798766.1","calicoblast","Pocillopora_acuta_HIv2___RNAseq.g30858.t1"
"194","Spis_XP_022786186_1","epidermis_2","Spis","XP_022786186.1","epidermis","Pocillopora_acuta_HIv2___RNAseq.g10927.t1"
"195","Spis_XP_022788581_1","neuron_1","Spis","XP_022788581.1","neuron","Pocillopora_acuta_HIv2___TS.g22689.t1"
"196","Spis_XP_022794543_1","epidermis_1","Spis","XP_022794543.1","epidermis","Pocillopora_acuta_HIv2___RNAseq.g20846.t1"
"197","Spis_XP_022801475_1","epidermis_1","Spis","XP_022801475.1","epidermis","Pocillopora_acuta_HIv2___RNAseq.g7401.t1"
"198","Spis_XP_022778020_1","epidermis_2","Spis","XP_022778020.1","epidermis","Pocillopora_acuta_HIv2___RNAseq.g7556.t1"
"199","Spis_XP_022778020_1","epidermis_2","Spis","XP_022778020.1","epidermis","Pocillopora_acuta_HIv2___TS.g6104.t1"
"200","Spis_XP_022778020_1","epidermis_2","Spis","XP_022778020.1","epidermis","Pocillopora_acuta_HIv2___RNAseq.g7559.t1"
"201","Spis_XP_022778020_1","epidermis_2","Spis","XP_022778020.1","epidermis","Pocillopora_acuta_HIv2___RNAseq.g7557.t1"
"202","Spis_XP_022800575_1","epidermis_2","Spis","XP_022800575.1","epidermis","Pocillopora_acuta_HIv2___RNAseq.g14025.t1"
"203","Spis_XP_022800575_1","epidermis_2","Spis","XP_022800575.1","epidermis","Pocillopora_acuta_HIv2___RNAseq.g14020.t1"
"204","Spis_XP_022800575_1","epidermis_2","Spis","XP_022800575.1","epidermis","Pocillopora_acuta_HIv2___RNAseq.g14031.t1"
"205","Spis_XP_022800575_1","epidermis_2","Spis","XP_022800575.1","epidermis","Pocillopora_acuta_HIv2___RNAseq.g14030.t1"
"206","Spis_XP_022800575_1","epidermis_2","Spis","XP_022800575.1","epidermis","Pocillopora_acuta_HIv2___TS.g12494.t1"
"207","Spis_XP_022800575_1","epidermis_2","Spis","XP_022800575.1","epidermis","Pocillopora_acuta_HIv2___RNAseq.g14029.t1b"
"208","Spis_XP_022787864_1","epidermis_1","Spis","XP_022787864.1","epidermis","Pocillopora_acuta_HIv2___RNAseq.g17785.t1"
"209","Spis_XP_022787864_1","epidermis_1","Spis","XP_022787864.1","epidermis","Pocillopora_acuta_HIv2___RNAseq.g13060.t1"
"210","Spis_XP_022807481_1","epidermis_1","Spis","XP_022807481.1","epidermis","Pocillopora_acuta_HIv2___RNAseq.g4352.t1"
"211","Spis_XP_022807481_1","epidermis_1","Spis","XP_022807481.1","epidermis","Pocillopora_acuta_HIv2___TS.g29608.t1b"
"212","Spis_XP_022801462_1","epidermis_1","Spis","XP_022801462.1","epidermis","Pocillopora_acuta_HIv2___RNAseq.g7402.t1"
"213","Spis_XP_022793177_1","epidermis_1","Spis","XP_022793177.1","epidermis","Pocillopora_acuta_HIv2___RNAseq.g22606.t2"
"214","Spis_XP_022793177_1","epidermis_1","Spis","XP_022793177.1","epidermis","Pocillopora_acuta_HIv2___RNAseq.g22607.t1"
"215","Spis_XP_022798140_1","epidermis_2","Spis","XP_022798140.1","epidermis","Pocillopora_acuta_HIv2___RNAseq.g15838.t1"
"216","Spis_XP_022792089_1","epidermis_2","Spis","XP_022792089.1","epidermis","Pocillopora_acuta_HIv2___RNAseq.g26330.t1"
"217","Spis_XP_022804844_1","epidermis_2","Spis","XP_022804844.1","epidermis","Pocillopora_acuta_HIv2___RNAseq.g4838.t1b"
"218","Spis_XP_022786718_1","epidermis_2","Spis","XP_022786718.1","epidermis","Pocillopora_acuta_HIv2___RNAseq.g4838.t1b"
"219","Spis_XP_022800496_1","calicoblast","Spis","XP_022800496.1","calicoblast","Pocillopora_acuta_HIv2___RNAseq.g24049.t1"
"220","Spis_XP_022795854_1","calicoblast","Spis","XP_022795854.1","calicoblast","Pocillopora_acuta_HIv2___TS.g4019.t1"
"221","Spis_XP_022805384_1","calicoblast","Spis","XP_022805384.1","calicoblast","Pocillopora_acuta_HIv2___RNAseq.g28959.t1"
"222","Spis_XP_022798948_1","epidermis_2","Spis","XP_022798948.1","epidermis","Pocillopora_acuta_HIv2___RNAseq.g17850.t3"
"223","Spis_XP_022798948_1","epidermis_2","Spis","XP_022798948.1","epidermis","Pocillopora_acuta_HIv2___RNAseq.g18875.t3"
"224","Spis_XP_022803853_1","epidermis_2","Spis","XP_022803853.1","epidermis","Pocillopora_acuta_HIv2___RNAseq.g21488.t1"
"225","Spis_XP_022804995_1","epidermis_2","Spis","XP_022804995.1","epidermis","Pocillopora_acuta_HIv2___RNAseq.g14025.t1"
"226","Spis_XP_022804995_1","epidermis_2","Spis","XP_022804995.1","epidermis","Pocillopora_acuta_HIv2___RNAseq.g14020.t1"
"227","Spis_XP_022804995_1","epidermis_2","Spis","XP_022804995.1","epidermis","Pocillopora_acuta_HIv2___RNAseq.g14031.t1"
"228","Spis_XP_022804995_1","epidermis_2","Spis","XP_022804995.1","epidermis","Pocillopora_acuta_HIv2___RNAseq.g14030.t1"
"229","Spis_XP_022804995_1","epidermis_2","Spis","XP_022804995.1","epidermis","Pocillopora_acuta_HIv2___TS.g12494.t1"
"230","Spis_XP_022804995_1","epidermis_2","Spis","XP_022804995.1","epidermis","Pocillopora_acuta_HIv2___RNAseq.g14029.t1b"
"231","Spis_XP_022790738_1","epidermis_2","Spis","XP_022790738.1","epidermis","Pocillopora_acuta_HIv2___RNAseq.g18060.t1"
"232","Spis_XP_022808030_1","epidermis_2","Spis","XP_022808030.1","epidermis","Pocillopora_acuta_HIv2___RNAseq.g20485.t1"
"233","Spis_XP_022781976_1","epidermis_2","Spis","XP_022781976.1","epidermis","Pocillopora_acuta_HIv2___RNAseq.g1873.t1"
"234","Spis_XP_022781976_1","epidermis_2","Spis","XP_022781976.1","epidermis","Pocillopora_acuta_HIv2___RNAseq.g1876.t1"
"235","Spis_XP_022782036_1","calicoblast","Spis","XP_022782036.1","calicoblast","Pocillopora_acuta_HIv2___RNAseq.g1900.t1"
"236","Spis_XP_022783415_1","calicoblast","Spis","XP_022783415.1","calicoblast","Pocillopora_acuta_HIv2___RNAseq.g6446.t1"
"237","Spis_XP_022804303_1","calicoblast","Spis","XP_022804303.1","calicoblast","Pocillopora_acuta_HIv2___RNAseq.g30231.t1"
"238","Spis_XP_022804303_1","calicoblast","Spis","XP_022804303.1","calicoblast","Pocillopora_acuta_HIv2___RNAseq.g30230.t1"
"239","Spis_XP_022804303_1","calicoblast","Spis","XP_022804303.1","calicoblast","Pocillopora_acuta_HIv2___TS.g30260.t3"
"240","Spis_XP_022804303_1","calicoblast","Spis","XP_022804303.1","calicoblast","Pocillopora_acuta_HIv2___RNAseq.27995_t"
"241","Spis_XP_022804303_1","calicoblast","Spis","XP_022804303.1","calicoblast","Pocillopora_acuta_HIv2___RNAseq.g22571.t1"
"242","Spis_XP_022804303_1","calicoblast","Spis","XP_022804303.1","calicoblast","Pocillopora_acuta_HIv2___RNAseq.g30233.t1"
"243","Spis_XP_022803870_1","calicoblast","Spis","XP_022803870.1","calicoblast","Pocillopora_acuta_HIv2___RNAseq.g5807.t1"
"244","Spis_XP_022801333_1","calicoblast","Spis","XP_022801333.1","calicoblast","Pocillopora_acuta_HIv2___RNAseq.g13823.t1"
"245","Spis_XP_022799082_1","calicoblast","Spis","XP_022799082.1","calicoblast","Pocillopora_acuta_HIv2___RNAseq.g26035.t1"
"246","Spis_XP_022798437_1","calicoblast","Spis","XP_022798437.1","calicoblast","Pocillopora_acuta_HIv2___RNAseq.8770_t"
"247","Spis_XP_022806382_1","calicoblast","Spis","XP_022806382.1","calicoblast","Pocillopora_acuta_HIv2___TS.g26127.t2b"
"248","Spis_XP_022783679_1","gland_5","Spis","XP_022783679.1","gland","Pocillopora_acuta_HIv2___RNAseq.g10298.t1"
"249","Spis_XP_022781863_1","calicoblast","Spis","XP_022781863.1","calicoblast","Pocillopora_acuta_HIv2___TS.g15797.t1"
"250","Spis_XP_022789440_1","calicoblast","Spis","XP_022789440.1","calicoblast","Pocillopora_acuta_HIv2___RNAseq.g25244.t1"
"251","Spis_XP_022779926_1","calicoblast","Spis","XP_022779926.1","calicoblast","Pocillopora_acuta_HIv2___TS.g29375.t1"
"252","Spis_XP_022786110_1","calicoblast","Spis","XP_022786110.1","calicoblast","Pocillopora_acuta_HIv2___RNAseq.g10898.t1"
"253","Spis_XP_022791118_1","calicoblast","Spis","XP_022791118.1","calicoblast","Pocillopora_acuta_HIv2___TS.g17830.t1"
"254","Spis_XP_022791019_1","neuron_1","Spis","XP_022791019.1","neuron","Pocillopora_acuta_HIv2___RNAseq.g13686.t1"
"255","Spis_XP_022788474_1","neuron_1","Spis","XP_022788474.1","neuron","Pocillopora_acuta_HIv2___RNAseq.g13027.t1"
"256","Spis_XP_022803240_1","neuron_1","Spis","XP_022803240.1","neuron","Pocillopora_acuta_HIv2___RNAseq.g11882.t1"
"257","Spis_XP_022809335_1","neuron_1","Spis","XP_022809335.1","neuron","Pocillopora_acuta_HIv2___TS.g17072.t2"
"258","Spis_XP_022800085_1","neuron_1","Spis","XP_022800085.1","neuron","Pocillopora_acuta_HIv2___RNAseq.9335_t"
"259","Spis_XP_022780302_1","neuron_4","Spis","XP_022780302.1","neuron","Pocillopora_acuta_HIv2___TS.g6226.t1"
"260","Spis_XP_022794446_1","neuron_1","Spis","XP_022794446.1","neuron","Pocillopora_acuta_HIv2___RNAseq.g24292.t1"
"261","Spis_XP_022794446_1","neuron_1","Spis","XP_022794446.1","neuron","Pocillopora_acuta_HIv2___RNAseq.g17326.t1"
"262","Spis_XP_022792017_1","neuron_1","Spis","XP_022792017.1","neuron","Pocillopora_acuta_HIv2___RNAseq.19904_t"
"263","Spis_XP_022784214_1","neuron_5","Spis","XP_022784214.1","neuron","Pocillopora_acuta_HIv2___RNAseq.27948_t"
"264","Spis_XP_022786297_1","neuron_1","Spis","XP_022786297.1","neuron","Pocillopora_acuta_HIv2___RNAseq.g6251.t1"
"265","Spis_XP_022786297_1","neuron_1","Spis","XP_022786297.1","neuron","Pocillopora_acuta_HIv2___TS.g2787.t1"
"266","Spis_XP_022785423_1","neuron_1","Spis","XP_022785423.1","neuron","Pocillopora_acuta_HIv2___RNAseq.g30836.t1"
"267","Spis_XP_022780503_1","neuron_1","Spis","XP_022780503.1","neuron","Pocillopora_acuta_HIv2___TS.g27662.t3b"
"268","Spis_XP_022794301_1","neuron_2","Spis","XP_022794301.1","neuron","Pocillopora_acuta_HIv2___RNAseq.g6941.t1"
"269","Spis_XP_022794323_1","neuron_2","Spis","XP_022794323.1","neuron","Pocillopora_acuta_HIv2___RNAseq.g6941.t1"
"270","Spis_XP_022782002_1","neuron_2","Spis","XP_022782002.1","neuron","Pocillopora_acuta_HIv2___RNAseq.g1857.t1"
"271","Spis_XP_022790202_1","neuron_2","Spis","XP_022790202.1","neuron","Pocillopora_acuta_HIv2___RNAseq.g7254.t1"
"272","Spis_XP_022794326_1","neuron_2","Spis","XP_022794326.1","neuron","Pocillopora_acuta_HIv2___RNAseq.g6912.t1"
"273","Spis_XP_022794326_1","neuron_2","Spis","XP_022794326.1","neuron","Pocillopora_acuta_HIv2___RNAseq.g6913.t1"
"274","Spis_XP_022804348_1","neuron_2","Spis","XP_022804348.1","neuron","Pocillopora_acuta_HIv2___RNAseq.g2958.t2"
"275","Spis_XP_022804348_1","neuron_2","Spis","XP_022804348.1","neuron","Pocillopora_acuta_HIv2___RNAseq.g2959.t1"
"276","Spis_XP_022803366_1","neuron_8","Spis","XP_022803366.1","neuron","Pocillopora_acuta_HIv2___TS.g14960.t2"
"277","Spis_XP_022785026_1","neuron_2","Spis","XP_022785026.1","neuron","Pocillopora_acuta_HIv2___RNAseq.g8229.t1"
"278","Spis_XP_022793852_1","neuron_4","Spis","XP_022793852.1","neuron","Pocillopora_acuta_HIv2___RNAseq.g15414.t1"
"279","Spis_XP_022800024_1","neuron_4","Spis","XP_022800024.1","neuron","Pocillopora_acuta_HIv2___RNAseq.g20810.t1"
"280","Spis_XP_022810159_1","neuron_4","Spis","XP_022810159.1","neuron","Pocillopora_acuta_HIv2___RNAseq.g20313.t1"
"281","Spis_XP_022810159_1","neuron_4","Spis","XP_022810159.1","neuron","Pocillopora_acuta_HIv2___TS.g25791.t1"
"282","Spis_XP_022810159_1","neuron_4","Spis","XP_022810159.1","neuron","Pocillopora_acuta_HIv2___RNAseq.g20207.t1"
"283","Spis_XP_022810159_1","neuron_4","Spis","XP_022810159.1","neuron","Pocillopora_acuta_HIv2___RNAseq.g20232.t1"
"284","Spis_XP_022794014_1","neuron_4","Spis","XP_022794014.1","neuron","Pocillopora_acuta_HIv2___RNAseq.g3723.t1"
"285","Spis_XP_022805597_1","neuron_4","Spis","XP_022805597.1","neuron","Pocillopora_acuta_HIv2___TS.g7386.t1"
"286","Spis_XP_022809034_1","neuron_5","Spis","XP_022809034.1","neuron","Pocillopora_acuta_HIv2___RNAseq.g24428.t1"
"287","Spis_XP_022800420_1","neuron_5","Spis","XP_022800420.1","neuron","Pocillopora_acuta_HIv2___RNAseq.g3653.t1"
"288","Spis_XP_022786365_1","gland_1","Spis","XP_022786365.1","gland","Pocillopora_acuta_HIv2___RNAseq.g6317.t2"
"289","Spis_XP_022798554_1","neuron_6","Spis","XP_022798554.1","neuron","Pocillopora_acuta_HIv2___RNAseq.g16531.t1"
"290","Spis_XP_022781821_1","neuron_6","Spis","XP_022781821.1","neuron","Pocillopora_acuta_HIv2___RNAseq.g13177.t1"
"291","Spis_XP_022788743_1","neuron_6","Spis","XP_022788743.1","neuron","Pocillopora_acuta_HIv2___TS.g14883.t1"
"292","Spis_XP_022808637_1","neuron_6","Spis","XP_022808637.1","neuron","Pocillopora_acuta_HIv2___RNAseq.g22878.t1"
"293","Spis_XP_022798199_1","neuron_6","Spis","XP_022798199.1","neuron","Pocillopora_acuta_HIv2___RNAseq.g22877.t1"
"294","Spis_XP_022807394_1","neuron_7","Spis","XP_022807394.1","neuron","Pocillopora_acuta_HIv2___TS.g5664.t1b"
"295","Spis_XP_022789719_1","neuron_9","Spis","XP_022789719.1","neuron","Pocillopora_acuta_HIv2___RNAseq.g15904.t1"
"296","Spis_XP_022789920_1","neuron_7","Spis","XP_022789920.1","neuron","Pocillopora_acuta_HIv2___RNAseq.g15510.t1"
"297","Spis_XP_022800545_1","neuron_9","Spis","XP_022800545.1","neuron","Pocillopora_acuta_HIv2___RNAseq.g3654.t1"
"298","Spis_XP_022796049_1","neuron_8","Spis","XP_022796049.1","neuron","Pocillopora_acuta_HIv2___RNAseq.g1109.t2"
"299","Spis_XP_022805129_1","neuron_8","Spis","XP_022805129.1","neuron","Pocillopora_acuta_HIv2___RNAseq.g29856.t1"
"300","Spis_XP_022805130_1","neuron_8","Spis","XP_022805130.1","neuron","Pocillopora_acuta_HIv2___TS.g11592.t1b"
"301","Spis_XP_022785063_1","neuron_8","Spis","XP_022785063.1","neuron","Pocillopora_acuta_HIv2___RNAseq.g33.t1"
"302","Spis_XP_022791135_1","neuron_8","Spis","XP_022791135.1","neuron","Pocillopora_acuta_HIv2___RNAseq.g25601.t1"
"303","Spis_XP_022789071_1","neuron_8","Spis","XP_022789071.1","neuron","Pocillopora_acuta_HIv2___RNAseq.g12944.t1"
"304","Spis_XP_022784831_1","neuron_9","Spis","XP_022784831.1","neuron","Pocillopora_acuta_HIv2___RNAseq.g8217.t1"
"305","Spis_XP_022805563_1","neuron_10","Spis","XP_022805563.1","neuron","Pocillopora_acuta_HIv2___RNAseq.g12751.t1"
"306","Spis_XP_022799114_1","neuron_9","Spis","XP_022799114.1","neuron","Pocillopora_acuta_HIv2___RNAseq.9201_t"
"307","Spis_XP_022787696_1","neuron_9","Spis","XP_022787696.1","neuron","Pocillopora_acuta_HIv2___TS.g26100.t1"
"308","Spis_XP_022799394_1","neuron_9","Spis","XP_022799394.1","neuron","Pocillopora_acuta_HIv2___TS.g6503.t2"
"309","Spis_XP_022782337_1","neuron_10","Spis","XP_022782337.1","neuron","Pocillopora_acuta_HIv2___RNAseq.g2016.t1"
"310","Spis_XP_022793915_1","neuron_10","Spis","XP_022793915.1","neuron","Pocillopora_acuta_HIv2___RNAseq.g8350.t1"
"311","Spis_XP_022805424_1","neuron_10","Spis","XP_022805424.1","neuron","Pocillopora_acuta_HIv2___RNAseq.g21626.t1"
"312","Spis_XP_022799249_1","neuron_10","Spis","XP_022799249.1","neuron","Pocillopora_acuta_HIv2___RNAseq.g23104.t1"
"313","Spis_XP_022810237_1","neuron_10","Spis","XP_022810237.1","neuron","Pocillopora_acuta_HIv2___RNAseq.g24761.t1"
"314","Spis_XP_022795331_1","neuron_11","Spis","XP_022795331.1","neuron","Pocillopora_acuta_HIv2___RNAseq.g29892.t1"
"315","Spis_XP_022781270_1","neuron_11","Spis","XP_022781270.1","neuron","Pocillopora_acuta_HIv2___RNAseq.g9921.t1"
"316","Spis_XP_022780084_1","neuron_12","Spis","XP_022780084.1","neuron","Pocillopora_acuta_HIv2___RNAseq.g18739.t1"
"317","Spis_XP_022780084_1","neuron_12","Spis","XP_022780084.1","neuron","Pocillopora_acuta_HIv2___RNAseq.g18738.t1"
"318","Spis_XP_022790552_1","neuron_12","Spis","XP_022790552.1","neuron","Pocillopora_acuta_HIv2___RNAseq.g12723.t1"
"319","Spis_XP_022790552_1","neuron_12","Spis","XP_022790552.1","neuron","Pocillopora_acuta_HIv2___RNAseq.g12722.t1"
"320","Spis_XP_022788733_1","neuron_12","Spis","XP_022788733.1","neuron","Pocillopora_acuta_HIv2___RNAseq.g30992.t1"
"321","Spis_XP_022800497_1","neuron_12","Spis","XP_022800497.1","neuron","Pocillopora_acuta_HIv2___RNAseq.g3624.t1"
"322","Spis_XP_022798397_1","neuron_13","Spis","XP_022798397.1","neuron","Pocillopora_acuta_HIv2___RNAseq.g18223.t1"
"323","Spis_XP_022783353_1","neuron_13","Spis","XP_022783353.1","neuron","Pocillopora_acuta_HIv2___TS.g10632.t1"
"324","Spis_XP_022805628_1","neuron_13","Spis","XP_022805628.1","neuron","Pocillopora_acuta_HIv2___RNAseq.g16746.t1"
"325","Spis_XP_022795723_1","neuron_13","Spis","XP_022795723.1","neuron","Pocillopora_acuta_HIv2___RNAseq.g18434.t1"
"326","Spis_XP_022793600_1","neuron_13","Spis","XP_022793600.1","neuron","Pocillopora_acuta_HIv2___RNAseq.g4380.t1"
"327","Spis_XP_022792148_1","neuron_14","Spis","XP_022792148.1","neuron","Pocillopora_acuta_HIv2___RNAseq.g28145.t1"
"328","Spis_XP_022780388_1","neuron_14","Spis","XP_022780388.1","neuron","Pocillopora_acuta_HIv2___RNAseq.g14714.t2"
"329","Spis_XP_022790329_1","gland_1","Spis","XP_022790329.1","gland","Pocillopora_acuta_HIv2___TS.g21850.t1"
"330","Spis_XP_022790329_1","gland_1","Spis","XP_022790329.1","gland","Pocillopora_acuta_HIv2___TS.g21851.t1"
"331","Spis_XP_022794354_1","gland_1","Spis","XP_022794354.1","gland","Pocillopora_acuta_HIv2___RNAseq.g25350.t1"
"332","Spis_XP_022807872_1","gland_1","Spis","XP_022807872.1","gland","Pocillopora_acuta_HIv2___RNAseq.g12083.t1"
"333","Spis_XP_022799181_1","gland_1","Spis","XP_022799181.1","gland","Pocillopora_acuta_HIv2___RNAseq.g28596.t1"
"334","Spis_XP_022807866_1","gland_1","Spis","XP_022807866.1","gland","Pocillopora_acuta_HIv2___RNAseq.g12083.t1"
"335","Spis_XP_022791269_1","gland_1","Spis","XP_022791269.1","gland","Pocillopora_acuta_HIv2___RNAseq.g617.t1"
"336","Spis_XP_022792803_1","gland_10","Spis","XP_022792803.1","gland","Pocillopora_acuta_HIv2___RNAseq.g23706.t1"
"337","Spis_XP_022799183_1","gland_1","Spis","XP_022799183.1","gland","Pocillopora_acuta_HIv2___RNAseq.g28595.t1"
"338","Spis_XP_022798497_1","gland_2","Spis","XP_022798497.1","gland","Pocillopora_acuta_HIv2___RNAseq.g11111.t1"
"339","Spis_XP_022793586_1","gland_2","Spis","XP_022793586.1","gland","Pocillopora_acuta_HIv2___RNAseq.g4393.t1"
"340","Spis_XP_022793344_1","gland_3_digestive","Spis","XP_022793344.1","gland","Pocillopora_acuta_HIv2___RNAseq.g21198.t2"
"341","Spis_XP_022797688_1","gland_3_digestive","Spis","XP_022797688.1","gland","Pocillopora_acuta_HIv2___RNAseq.g28333.t1"
"342","Spis_XP_022783910_1","gland_3_digestive","Spis","XP_022783910.1","gland","Pocillopora_acuta_HIv2___RNAseq.g19295.t1"
"343","Spis_XP_022797898_1","gland_3_digestive","Spis","XP_022797898.1","gland","Pocillopora_acuta_HIv2___RNAseq.g4304.t1"
"344","Spis_XP_022783886_1","gland_3_digestive","Spis","XP_022783886.1","gland","Pocillopora_acuta_HIv2___RNAseq.g19302.t1"
"345","Spis_XP_022799272_1","gland_3_digestive","Spis","XP_022799272.1","gland","Pocillopora_acuta_HIv2___RNAseq.g26112.t1a"
"346","Spis_XP_022784042_1","gland_3_digestive","Spis","XP_022784042.1","gland","Pocillopora_acuta_HIv2___RNAseq.g28450.t1"
"347","Spis_XP_022802226_1","gland_4","Spis","XP_022802226.1","gland","Pocillopora_acuta_HIv2___RNAseq.g23887.t1"
"348","Spis_XP_022802226_1","gland_4","Spis","XP_022802226.1","gland","Pocillopora_acuta_HIv2___TS.g29896.t1"
"349","Spis_XP_022802226_1","gland_4","Spis","XP_022802226.1","gland","Pocillopora_acuta_HIv2___RNAseq.g23888.t1"
"350","Spis_XP_022802232_1","gland_4","Spis","XP_022802232.1","gland","Pocillopora_acuta_HIv2___RNAseq.g23887.t1"
"351","Spis_XP_022802232_1","gland_4","Spis","XP_022802232.1","gland","Pocillopora_acuta_HIv2___TS.g29896.t1"
"352","Spis_XP_022802232_1","gland_4","Spis","XP_022802232.1","gland","Pocillopora_acuta_HIv2___RNAseq.g23888.t1"
"353","Spis_XP_022808027_1","gland_4","Spis","XP_022808027.1","gland","Pocillopora_acuta_HIv2___TS.g14465.t2"
"354","Spis_XP_022807103_1","gland_4","Spis","XP_022807103.1","gland","Pocillopora_acuta_HIv2___RNAseq.g30238.t1"
"355","Spis_XP_022807103_1","gland_4","Spis","XP_022807103.1","gland","Pocillopora_acuta_HIv2___TS.g30264.t1"
"356","Spis_XP_022788873_1","gland_4","Spis","XP_022788873.1","gland","Pocillopora_acuta_HIv2___RNAseq.g20595.t1"
"357","Spis_XP_022783652_1","gland_5","Spis","XP_022783652.1","gland","Pocillopora_acuta_HIv2___TS.g28455.t1"
"358","Spis_XP_022783652_1","gland_5","Spis","XP_022783652.1","gland","Pocillopora_acuta_HIv2___RNAseq.g10294.t1"
"359","Spis_XP_022783652_1","gland_5","Spis","XP_022783652.1","gland","Pocillopora_acuta_HIv2___RNAseq.g10295.t1"
"360","Spis_XP_022786458_1","gland_5","Spis","XP_022786458.1","gland","Pocillopora_acuta_HIv2___RNAseq.g12567.t1"
"361","Spis_XP_022808967_1","gland_5","Spis","XP_022808967.1","gland","Pocillopora_acuta_HIv2___RNAseq.g4111.t1"
"362","Spis_XP_022795168_1","gland_6","Spis","XP_022795168.1","gland","Pocillopora_acuta_HIv2___RNAseq.g18440.t1"
"363","Spis_XP_022797428_1","gland_6","Spis","XP_022797428.1","gland","Pocillopora_acuta_HIv2___RNAseq.g16533.t1"
"364","Spis_XP_022798020_1","gland_6","Spis","XP_022798020.1","gland","Pocillopora_acuta_HIv2___RNAseq.g22840.t1"
"365","Spis_XP_022783192_1","gland_6","Spis","XP_022783192.1","gland","Pocillopora_acuta_HIv2___RNAseq.g12246.t1"
"366","Spis_XP_022790685_1","neuron_6","Spis","XP_022790685.1","neuron","Pocillopora_acuta_HIv2___RNAseq.g18040.t1"
"367","Spis_XP_022788291_1","gland_7","Spis","XP_022788291.1","gland","Pocillopora_acuta_HIv2___TS.g4124.t2b"
"368","Spis_XP_022791880_1","gland_7","Spis","XP_022791880.1","gland","Pocillopora_acuta_HIv2___RNAseq.g21825.t1"
"369","Spis_XP_022781244_1","gland_7","Spis","XP_022781244.1","gland","Pocillopora_acuta_HIv2___TS.g13511.t1"
"370","Spis_XP_022799305_1","gland_7","Spis","XP_022799305.1","gland","Pocillopora_acuta_HIv2___RNAseq.g26039.t2"
"371","Spis_XP_022798902_1","gland_7","Spis","XP_022798902.1","gland","Pocillopora_acuta_HIv2___RNAseq.g4085.t1"
"372","Spis_XP_022790776_1","gland_10","Spis","XP_022790776.1","gland","Pocillopora_acuta_HIv2___RNAseq.g15253.t1"
"373","Spis_XP_022805663_1","gland_8","Spis","XP_022805663.1","gland","Pocillopora_acuta_HIv2___RNAseq.g3349.t1"
"374","Spis_XP_022805663_1","gland_8","Spis","XP_022805663.1","gland","Pocillopora_acuta_HIv2___RNAseq.g3366.t1c"
"375","Spis_XP_022808226_1","gland_9","Spis","XP_022808226.1","gland","Pocillopora_acuta_HIv2___RNAseq.g13338.t1"
"376","Spis_XP_022808226_1","gland_9","Spis","XP_022808226.1","gland","Pocillopora_acuta_HIv2___RNAseq.g13339.t1"
"377","Spis_XP_022793367_1","gland_9","Spis","XP_022793367.1","gland","Pocillopora_acuta_HIv2___RNAseq.g13234.t1"
"378","Spis_XP_022806173_1","gland_9","Spis","XP_022806173.1","gland","Pocillopora_acuta_HIv2___RNAseq.g20845.t1"
"379","Spis_XP_022806782_1","gland_9","Spis","XP_022806782.1","gland","Pocillopora_acuta_HIv2___RNAseq.g13338.t1"
"380","Spis_XP_022806782_1","gland_9","Spis","XP_022806782.1","gland","Pocillopora_acuta_HIv2___RNAseq.g13339.t1"
"381","Spis_XP_022799053_1","gland_9","Spis","XP_022799053.1","gland","Pocillopora_acuta_HIv2___TS.g12478.t4"
"382","Spis_XP_022781155_1","gland_9","Spis","XP_022781155.1","gland","Pocillopora_acuta_HIv2___RNAseq.g11424.t1"
"383","Spis_XP_022781155_1","gland_9","Spis","XP_022781155.1","gland","Pocillopora_acuta_HIv2___TS.g21.t1"
"384","Spis_XP_022802816_1","gland_9","Spis","XP_022802816.1","gland","Pocillopora_acuta_HIv2___TS.g11372.t1b"
"385","Spis_XP_022791277_1","gland_10","Spis","XP_022791277.1","gland","Pocillopora_acuta_HIv2___TS.g4148.t1c"
"386","Spis_XP_022788292_1","gland_10","Spis","XP_022788292.1","gland","Pocillopora_acuta_HIv2___RNAseq.g584.t3a"
"387","Spis_XP_022786242_1","gland_10","Spis","XP_022786242.1","gland","Pocillopora_acuta_HIv2___RNAseq.g29491.t1"
"388","Spis_XP_022786242_1","gland_10","Spis","XP_022786242.1","gland","Pocillopora_acuta_HIv2___TS.g7430.t1"
"389","Spis_XP_022786242_1","gland_10","Spis","XP_022786242.1","gland","Pocillopora_acuta_HIv2___TS.g7426.t1"
"390","Spis_XP_022786242_1","gland_10","Spis","XP_022786242.1","gland","Pocillopora_acuta_HIv2___RNAseq.g6120.t1"
"391","Spis_XP_022790832_1","gland_10","Spis","XP_022790832.1","gland","Pocillopora_acuta_HIv2___RNAseq.g1706.t1"
"392","Spis_XP_022779566_1","unknown","Spis","XP_022779566.1","unidentified","Pocillopora_acuta_HIv2___TS.g8323.t1a"
"393","Spis_XP_022805023_1","unknown","Spis","XP_022805023.1","unidentified","Pocillopora_acuta_HIv2___RNAseq.g14590.t1"
"394","Spis_XP_022789688_1","unknown","Spis","XP_022789688.1","unidentified","Pocillopora_acuta_HIv2___RNAseq.g5755.t1"
"395","Spis_XP_022789688_1","unknown","Spis","XP_022789688.1","unidentified","Pocillopora_acuta_HIv2___RNAseq.g5757.t1"
"396","Spis_XP_022810190_1","unknown","Spis","XP_022810190.1","unidentified","Pocillopora_acuta_HIv2___TS.g3248.t1"
"397","Spis_XP_022788661_1","unknown","Spis","XP_022788661.1","unidentified","Pocillopora_acuta_HIv2___RNAseq.g17469.t1"
"398","Spis_XP_022793850_1","immune_1","Spis","XP_022793850.1","immune","Pocillopora_acuta_HIv2___RNAseq.g15408.t1"
"399","Spis_XP_022793850_1","immune_1","Spis","XP_022793850.1","immune","Pocillopora_acuta_HIv2___RNAseq.g15411.t1"
"400","Spis_XP_022793850_1","immune_1","Spis","XP_022793850.1","immune","Pocillopora_acuta_HIv2___RNAseq.g15413.t1"
"401","Spis_XP_022802936_1","immune_1","Spis","XP_022802936.1","immune","Pocillopora_acuta_HIv2___TS.g2746.t1"
"402","Spis_XP_022806069_1","immune_1","Spis","XP_022806069.1","immune","Pocillopora_acuta_HIv2___RNAseq.g26846.t1c"
"403","Spis_XP_022787216_1","immune_1","Spis","XP_022787216.1","immune","Pocillopora_acuta_HIv2___RNAseq.g13768.t1"
"404","Spis_XP_022787216_1","immune_1","Spis","XP_022787216.1","immune","Pocillopora_acuta_HIv2___RNAseq.g13767.t1"
"405","Spis_XP_022787216_1","immune_1","Spis","XP_022787216.1","immune","Pocillopora_acuta_HIv2___RNAseq.g13769.t1"
"406","Spis_XP_022807111_1","immune_1","Spis","XP_022807111.1","immune","Pocillopora_acuta_HIv2___TS.g30178.t1"
"407","Spis_XP_022807111_1","immune_1","Spis","XP_022807111.1","immune","Pocillopora_acuta_HIv2___TS.g30180.t1"
"408","Spis_XP_022807111_1","immune_1","Spis","XP_022807111.1","immune","Pocillopora_acuta_HIv2___TS.g30179.t1"
"409","Spis_XP_022807111_1","immune_1","Spis","XP_022807111.1","immune","Pocillopora_acuta_HIv2___RNAseq.g8376.t1"
"410","Spis_XP_022801064_1","immune_2","Spis","XP_022801064.1","immune","Pocillopora_acuta_HIv2___RNAseq.g16502.t1"
"411","Spis_XP_022795842_1","immune_2","Spis","XP_022795842.1","immune","Pocillopora_acuta_HIv2___RNAseq.g445.t1"
"412","Spis_XP_022795855_1","immune_2","Spis","XP_022795855.1","immune","Pocillopora_acuta_HIv2___RNAseq.g445.t1"
"413","Spis_XP_022799073_1","immune_2","Spis","XP_022799073.1","immune","Pocillopora_acuta_HIv2___TS.g12479.t1"
"414","Spis_XP_022802946_1","immune_2","Spis","XP_022802946.1","immune","Pocillopora_acuta_HIv2___RNAseq.g6216.t1"
